,日期,开盘,收盘,最高,最低,成交量,成交额,振幅,涨跌幅,涨跌额,换手率
0,2018-09-03,102.575,102.39,102.76,102.268,338,3457077.0,0.48,-0.18,-0.187,0.64
1,2018-09-04,102.1,102.381,102.4,101.93,798,8168610.0,0.46,-0.01,-0.009,1.5
2,2018-09-05,102.201,102.3,102.6,102.165,280,2864636.0,0.42,-0.08,-0.081,0.53
3,2018-09-06,101.398,102.188,102.193,101.398,261,2667111.0,0.78,-0.11,-0.112,0.49
4,2018-09-07,102.05,102.157,102.177,102.049,220,2250008.0,0.13,-0.03,-0.031,0.42
5,2018-09-10,102.104,102.11,102.18,102.1,205,2093260.0,0.08,-0.05,-0.047,0.39
6,2018-09-11,101.911,101.887,102.05,101.441,884,8994639.0,0.6,-0.22,-0.223,1.67
7,2018-09-12,101.75,101.771,101.87,101.599,168,1707301.0,0.27,-0.11,-0.116,0.32
8,2018-09-13,101.771,101.751,102.178,101.733,399,4071184.0,0.44,-0.02,-0.02,0.75
9,2018-09-14,101.781,101.98,102.035,101.781,274,2795508.0,0.25,0.23,0.229,0.52
10,2018-09-17,102.11,102.101,102.2,101.919,249,2540500.0,0.28,0.12,0.121,0.47
11,2018-09-18,102.101,102.184,102.252,102.101,209,2139834.0,0.15,0.08,0.083,0.39
12,2018-09-19,102.436,102.168,102.436,102.168,525,5365717.0,0.26,-0.02,-0.016,0.99
13,2018-09-20,102.43,101.97,102.43,101.899,3866,39425065.0,0.52,-0.19,-0.198,7.29
14,2018-09-21,101.889,101.819,101.9,101.808,376,3828245.0,0.09,-0.15,-0.151,0.71
15,2018-09-25,102.34,101.99,102.34,101.851,514,5243696.0,0.48,0.17,0.171,0.97
16,2018-09-26,102.4,102.03,102.4,101.91,741,7561420.0,0.48,0.04,0.04,1.4
17,2018-09-27,102.033,102.14,102.146,102.033,627,6403192.0,0.11,0.11,0.11,1.18
18,2018-09-28,102.299,102.373,102.373,102.239,635,6497411.0,0.13,0.23,0.233,1.2
19,2018-10-08,102.1,102.407,102.413,102.1,265,2714704.0,0.31,0.03,0.034,0.5
20,2018-10-09,102.108,102.532,102.533,102.108,554,5679993.0,0.42,0.12,0.125,1.04
21,2018-10-10,102.54,102.47,102.546,102.458,538,5517849.0,0.09,-0.06,-0.062,1.01
22,2018-10-11,102.5,102.639,102.639,102.5,524,5370948.0,0.14,0.16,0.169,0.99
23,2018-10-12,102.82,102.814,102.824,102.685,819,8420699.0,0.14,0.17,0.175,1.54
24,2018-10-15,102.806,102.806,102.809,102.806,1247,12820149.0,0.0,-0.01,-0.008,2.35
25,2018-10-16,102.837,102.84,102.84,102.836,1072,11025255.0,0.0,0.03,0.034,2.02
26,2018-10-17,102.915,102.916,102.917,102.9,668,6875831.0,0.02,0.07,0.076,1.26
27,2018-10-18,102.891,102.893,102.986,102.89,1542,15866219.0,0.09,-0.02,-0.023,2.91
28,2018-10-19,102.98,103.068,103.36,102.779,1098,11317075.0,0.56,0.17,0.175,2.07
29,2018-10-22,102.95,102.95,102.953,102.95,1541,15864882.0,0.0,-0.11,-0.118,2.9
30,2018-10-23,102.799,102.897,102.914,102.797,401,4123178.0,0.11,-0.05,-0.053,0.76
31,2018-10-24,103.65,102.99,103.65,102.603,1224,12603620.0,1.02,0.09,0.093,2.31
32,2018-10-25,103.17,103.169,103.18,103.169,920,9492357.0,0.01,0.17,0.179,1.73
33,2018-10-26,102.901,103.183,103.183,102.9,1043,10761836.0,0.27,0.01,0.014,1.97
34,2018-10-29,102.878,103.195,103.195,102.878,1130,11660891.0,0.31,0.01,0.012,2.13
35,2018-10-30,103.91,103.431,103.91,103.35,968,10012128.0,0.54,0.23,0.236,1.82
36,2018-10-31,103.4,103.402,103.402,103.4,1066,11022544.0,0.0,-0.03,-0.029,2.01
37,2018-11-01,103.471,103.471,103.7,103.47,733,7584563.0,0.22,0.07,0.069,1.38
38,2018-11-02,103.47,103.42,103.47,103.42,1023,10584219.0,0.05,-0.05,-0.051,1.93
39,2018-11-05,102.7,103.293,103.568,102.7,666,6877754.0,0.84,-0.12,-0.127,1.26
40,2018-11-06,102.718,103.461,103.865,102.718,968,10009731.0,1.11,0.16,0.168,1.82
41,2018-11-07,103.491,103.583,103.583,103.491,989,10243167.0,0.09,0.12,0.122,1.86
42,2018-11-08,103.815,103.9,103.901,103.815,1015,10537534.0,0.08,0.31,0.317,1.91
43,2018-11-09,103.8,103.83,103.83,103.8,986,10239036.0,0.03,-0.07,-0.07,1.86
44,2018-11-12,104.18,103.871,104.18,103.871,1117,11602458.0,0.3,0.04,0.041,2.1
45,2018-11-13,103.813,103.875,103.888,103.811,804,8348029.0,0.07,0.0,0.004,1.52
46,2018-11-14,103.981,104.203,104.249,103.98,10669,111112177.0,0.26,0.32,0.328,20.11
47,2018-11-15,104.345,104.511,104.518,104.02,16358,170648142.0,0.48,0.3,0.308,30.83
48,2018-11-16,104.56,104.708,104.782,104.56,18383,192267982.0,0.21,0.19,0.197,34.64
49,2018-11-19,104.918,104.843,105.218,104.833,4164,43692120.0,0.37,0.13,0.135,7.85
50,2018-11-20,104.645,104.736,104.8,104.645,19227,201440000.0,0.15,-0.1,-0.107,36.23
51,2018-11-21,104.9,104.743,104.9,104.697,16187,169584091.0,0.19,0.01,0.007,30.5
52,2018-11-22,105.808,104.674,105.808,104.674,18558,194482851.0,1.08,-0.07,-0.069,34.97
53,2018-11-23,104.77,104.684,104.771,104.502,16327,170825580.0,0.26,0.01,0.01,30.77
54,2018-11-26,104.598,104.498,104.646,104.482,11776,123117923.0,0.16,-0.18,-0.186,22.19
55,2018-11-27,104.298,104.507,104.507,104.298,15958,166696417.0,0.2,0.01,0.009,30.07
56,2018-11-28,104.52,104.545,104.563,104.52,10880,113758979.0,0.04,0.04,0.038,20.5
57,2018-11-29,104.61,104.752,104.996,104.61,10393,108799327.0,0.37,0.2,0.207,19.59
58,2018-11-30,104.705,104.587,104.752,101.645,12670,132648359.0,2.97,-0.16,-0.165,23.88
59,2018-12-03,104.587,104.737,104.741,104.4,12577,131708421.0,0.33,0.14,0.15,23.7
60,2018-12-04,104.778,104.966,104.976,104.778,9478,99435286.0,0.19,0.22,0.229,17.86
61,2018-12-05,105.199,105.223,105.72,105.004,14353,151303298.0,0.68,0.24,0.257,27.05
62,2018-12-06,105.228,105.339,105.48,105.202,14719,154959798.0,0.26,0.11,0.116,27.74
63,2018-12-07,105.255,105.38,105.409,105.255,7533,79375112.0,0.15,0.04,0.041,14.2
64,2018-12-10,105.38,105.499,105.82,105.35,14500,153043524.0,0.45,0.11,0.119,27.32
65,2018-12-11,105.548,105.654,105.658,105.548,3710,39179384.0,0.1,0.15,0.155,6.99
66,2018-12-12,105.654,105.685,105.696,105.504,1414,14941560.0,0.18,0.03,0.031,2.66
67,2018-12-13,105.413,105.335,105.555,105.25,940,9905651.0,0.29,-0.33,-0.35,1.77
68,2018-12-14,105.02,104.982,105.3,104.729,1977,20760416.0,0.54,-0.34,-0.353,3.73
69,2018-12-17,105.102,104.91,105.102,104.9,12605,132289429.0,0.19,-0.07,-0.072,23.75
70,2018-12-18,104.66,104.746,104.91,104.6,2694,28199719.0,0.3,-0.16,-0.164,5.08
71,2018-12-19,104.777,104.885,104.885,104.77,6463,67765520.0,0.11,0.13,0.139,12.18
72,2018-12-20,105.25,105.195,105.25,105.03,12120,127489204.0,0.21,0.3,0.31,22.84
73,2018-12-21,105.198,105.422,105.56,105.195,15552,164035611.0,0.35,0.22,0.227,29.31
74,2018-12-24,105.316,105.25,105.415,105.209,8526,89737140.0,0.2,-0.16,-0.172,16.07
75,2018-12-25,105.25,105.306,105.4,105.15,11817,124420020.0,0.24,0.05,0.056,22.27
76,2018-12-26,105.438,105.536,105.536,105.349,4488,47283939.0,0.18,0.22,0.23,8.46
77,2018-12-27,105.536,105.658,105.68,105.406,17165,181329284.0,0.26,0.12,0.122,32.35
78,2018-12-28,105.711,106.134,106.3,105.711,44686,474038576.0,0.56,0.45,0.476,84.21
79,2019-01-02,105.9,106.08,106.193,105.688,34564,366828624.0,0.48,-0.05,-0.054,65.14
80,2019-01-03,106.08,106.257,106.257,106.08,3386,35960846.0,0.17,0.17,0.177,6.38
81,2019-01-04,106.28,106.119,106.44,106.0,2113,22445327.0,0.41,-0.13,-0.138,3.98
82,2019-01-07,106.09,106.007,106.116,105.91,642,6807891.0,0.19,-0.11,-0.112,1.21
83,2019-01-08,106.04,106.092,106.123,106.0,1347,14285252.0,0.12,0.08,0.085,2.54
84,2019-01-09,106.121,106.172,106.182,106.075,935,9919823.0,0.1,0.08,0.08,1.76
85,2019-01-10,106.185,106.191,106.285,106.182,595,6321295.0,0.1,0.02,0.019,1.12
86,2019-01-11,106.191,106.184,106.201,106.141,1095,11627258.0,0.06,-0.01,-0.007,2.06
87,2019-01-14,106.213,106.144,106.226,106.1,1199,12723842.0,0.12,-0.04,-0.04,2.26
88,2019-01-15,106.104,106.1,106.155,106.059,701,7438166.0,0.09,-0.04,-0.044,1.32
89,2019-01-16,106.108,106.352,106.594,106.108,1669,17730804.0,0.46,0.24,0.252,3.15
90,2019-01-17,106.58,106.539,106.58,106.48,1289,13732463.0,0.09,0.18,0.187,2.43
91,2019-01-18,106.5,106.44,106.512,106.43,1136,12094432.0,0.08,-0.09,-0.099,2.14
92,2019-01-21,106.4,106.3,106.411,106.195,971,10320979.0,0.2,-0.13,-0.14,1.83
93,2019-01-22,106.19,106.319,106.34,106.19,2062,21922145.0,0.14,0.02,0.019,3.89
94,2019-01-23,106.28,106.221,106.3,106.198,334,3548688.0,0.1,-0.09,-0.098,0.63
95,2019-01-24,106.201,106.263,106.279,106.167,368,3909747.0,0.11,0.04,0.042,0.69
96,2019-01-25,106.263,106.113,106.263,106.083,1010,10718552.0,0.17,-0.14,-0.15,1.9
97,2019-01-28,106.064,106.109,106.12,106.01,1678,17797694.0,0.1,0.0,-0.004,3.16
98,2019-01-29,106.063,106.181,106.184,106.063,1233,13089414.0,0.11,0.07,0.072,2.32
99,2019-01-30,106.25,106.269,106.289,106.25,411,4367550.0,0.04,0.08,0.088,0.77
100,2019-01-31,106.3,106.351,106.415,106.3,591,6285339.0,0.11,0.08,0.082,1.11
101,2019-02-01,106.451,106.456,106.554,106.419,534,5684737.0,0.13,0.1,0.105,1.01
102,2019-02-11,106.456,106.641,106.641,106.4,1205,12839364.0,0.23,0.17,0.185,2.27
103,2019-02-12,106.645,106.72,106.79,106.645,647,6906235.0,0.14,0.07,0.079,1.22
104,2019-02-13,106.721,106.779,106.815,106.721,2638,28169652.0,0.09,0.06,0.059,4.97
105,2019-02-14,106.78,106.651,106.818,106.075,1263,13471701.0,0.7,-0.12,-0.128,2.38
106,2019-02-15,106.67,106.779,106.9,106.67,3373,35999357.0,0.22,0.12,0.128,6.36
107,2019-02-18,106.748,106.676,106.748,106.675,7593,80999996.0,0.07,-0.1,-0.103,14.31
108,2019-02-19,106.6,106.587,106.61,106.42,10333,110085784.0,0.18,-0.08,-0.089,19.47
109,2019-02-20,106.585,106.475,106.585,106.428,5892,62745245.0,0.15,-0.11,-0.112,11.1
110,2019-02-21,106.47,106.401,106.472,106.354,4360,46412275.0,0.11,-0.07,-0.074,8.22
111,2019-02-22,106.39,106.234,106.39,106.159,1603,17038914.0,0.22,-0.16,-0.167,3.02
112,2019-02-25,106.2,106.114,106.261,106.0,4309,45711075.0,0.25,-0.11,-0.12,8.12
113,2019-02-26,106.015,105.8,106.015,105.68,2527,26746825.0,0.32,-0.3,-0.314,4.76
114,2019-02-27,105.808,106.0,106.009,105.808,3639,38538353.0,0.19,0.19,0.2,6.86
115,2019-02-28,106.069,106.01,106.069,106.0,1205,12775796.0,0.07,0.01,0.01,2.27
116,2019-03-01,106.011,105.96,106.106,105.885,1422,15073202.0,0.21,-0.05,-0.05,2.68
117,2019-03-04,105.76,105.947,105.985,105.7,2933,31039714.0,0.27,-0.01,-0.013,5.53
118,2019-03-05,105.85,105.84,105.901,105.8,1621,17161428.0,0.1,-0.1,-0.107,3.05
119,2019-03-06,105.73,105.833,105.924,105.73,2176,23030792.0,0.18,-0.01,-0.007,4.1
120,2019-03-07,105.838,106.176,106.192,105.838,3006,31874868.0,0.33,0.32,0.343,5.66
121,2019-03-08,106.189,106.236,106.4,106.181,9455,100479249.0,0.21,0.06,0.06,17.82
122,2019-03-11,106.378,106.232,106.378,106.218,1585,16840008.0,0.15,0.0,-0.004,2.99
123,2019-03-12,106.233,106.317,106.41,106.233,4021,42762587.0,0.17,0.08,0.085,7.58
124,2019-03-13,106.241,106.373,106.398,106.241,447,4753636.0,0.15,0.05,0.056,0.84
125,2019-03-14,106.4,106.357,106.422,106.357,906,9638800.0,0.06,-0.02,-0.016,1.71
126,2019-03-15,106.35,106.394,106.395,106.307,524,5573619.0,0.08,0.03,0.037,0.99
127,2019-03-18,106.354,106.347,106.406,105.6,2184,23184560.0,0.76,-0.04,-0.047,4.12
128,2019-03-19,106.152,106.401,106.5,106.152,602,6409697.0,0.33,0.05,0.054,1.13
129,2019-03-20,106.45,106.489,106.533,106.45,294,3132808.0,0.08,0.08,0.088,0.55
130,2019-03-21,106.43,106.486,106.49,106.43,537,5717901.0,0.06,0.0,-0.003,1.01
131,2019-03-22,106.488,106.66,106.66,106.488,713,7602676.0,0.16,0.16,0.174,1.34
132,2019-03-25,106.76,106.889,106.999,106.76,666,7116265.0,0.22,0.21,0.229,1.26
133,2019-03-26,106.891,107.128,107.18,106.85,851,9115126.0,0.31,0.22,0.239,1.6
134,2019-03-27,107.128,107.09,107.173,107.032,868,9296453.0,0.13,-0.04,-0.038,1.64
135,2019-03-28,107.001,106.99,107.088,106.99,154,1648201.0,0.09,-0.09,-0.1,0.29
136,2019-03-29,107.279,106.88,107.279,106.733,2629,28124463.0,0.51,-0.1,-0.11,4.95
137,2019-04-01,106.568,106.782,106.899,106.568,780,8331415.0,0.31,-0.09,-0.098,1.47
138,2019-04-02,106.77,106.429,106.77,106.34,4377,46585872.0,0.4,-0.33,-0.353,8.25
139,2019-04-03,106.68,106.02,106.68,106.001,645,6850138.0,0.64,-0.38,-0.409,1.22
140,2019-04-04,105.849,105.725,105.921,105.706,1500,15865014.0,0.2,-0.28,-0.295,2.83
141,2019-04-08,105.699,105.5,105.7,105.2,12190,128654814.0,0.47,-0.21,-0.225,22.97
142,2019-04-09,105.505,105.533,105.7,105.505,818,8641640.0,0.18,0.03,0.033,1.54
143,2019-04-10,104.7,105.351,105.698,104.7,1136,11958994.0,0.95,-0.17,-0.182,2.14
144,2019-04-11,105.351,105.565,105.651,105.351,1547,16328950.0,0.28,0.2,0.214,2.92
145,2019-04-12,105.48,105.42,105.559,105.401,1568,16534513.0,0.15,-0.14,-0.145,2.95
146,2019-04-15,105.25,104.86,105.25,104.733,1633,17126034.0,0.49,-0.53,-0.56,3.08
147,2019-04-16,104.84,104.62,104.84,104.51,758,7935904.0,0.31,-0.23,-0.24,1.43
148,2019-04-17,105.588,104.895,105.588,104.501,1149,12012369.0,1.04,0.26,0.275,2.16
149,2019-04-18,104.563,104.801,104.811,104.563,740,7751971.0,0.24,-0.09,-0.094,1.39
150,2019-04-19,104.9,104.911,104.99,104.889,1124,11796233.0,0.1,0.1,0.11,2.12
151,2019-04-22,104.9,104.707,104.9,104.659,1092,11434784.0,0.23,-0.19,-0.204,2.06
152,2019-04-23,104.581,104.539,104.648,104.461,1430,14952755.0,0.18,-0.16,-0.168,2.69
153,2019-04-24,104.448,104.45,104.686,104.448,382,3994159.0,0.23,-0.09,-0.089,0.72
154,2019-04-25,104.45,104.529,104.88,104.252,853,8916185.0,0.6,0.08,0.079,1.61
155,2019-04-26,104.53,104.645,104.65,104.53,689,7207888.0,0.11,0.11,0.116,1.3
156,2019-04-29,104.548,104.49,104.645,104.435,834,8717350.0,0.2,-0.15,-0.155,1.57
157,2019-04-30,104.491,104.796,104.799,104.491,384,4019578.0,0.29,0.29,0.306,0.72
158,2019-05-06,104.896,105.09,105.2,104.896,1014,10652778.0,0.29,0.28,0.294,1.91
159,2019-05-07,105.17,105.128,105.2,105.022,445,4678546.0,0.17,0.04,0.038,0.84
160,2019-05-08,105.199,105.212,105.299,105.199,350,3682759.0,0.1,0.08,0.084,0.66
161,2019-05-09,105.311,105.35,105.379,105.3,732,7709905.0,0.08,0.13,0.138,1.38
162,2019-05-10,105.36,105.53,105.595,105.263,874,9216574.0,0.32,0.17,0.18,1.65
163,2019-05-13,105.63,105.949,105.997,105.63,1098,11628182.0,0.35,0.4,0.419,2.07
164,2019-05-14,105.95,105.81,105.99,105.798,520,5503665.0,0.18,-0.13,-0.139,0.98
165,2019-05-15,105.721,105.804,105.805,105.522,426,4504735.0,0.27,-0.01,-0.006,0.8
166,2019-05-16,105.88,105.87,105.899,105.801,823,8714242.0,0.09,0.06,0.066,1.55
167,2019-05-17,105.891,105.994,105.999,105.871,727,7703090.0,0.12,0.12,0.124,1.37
168,2019-05-20,105.988,106.006,106.076,105.909,420,4453016.0,0.16,0.01,0.012,0.79
169,2019-05-21,106.006,105.786,106.05,105.301,901,9531789.0,0.71,-0.21,-0.22,1.7
170,2019-05-22,105.786,105.699,105.786,105.62,734,7757008.0,0.16,-0.08,-0.087,1.38
171,2019-05-23,105.695,105.721,105.776,105.562,661,6985530.0,0.2,0.02,0.022,1.25
172,2019-05-24,105.626,105.651,105.72,105.626,265,2800099.0,0.09,-0.07,-0.07,0.5
173,2019-05-27,105.551,105.32,105.551,105.045,591,6228005.0,0.48,-0.31,-0.331,1.11
174,2019-05-28,105.488,105.543,105.577,105.363,332,3497442.0,0.2,0.21,0.223,0.63
175,2019-05-29,105.557,105.72,105.72,105.557,628,6636365.0,0.15,0.17,0.177,1.18
176,2019-05-30,105.72,105.826,105.827,105.72,587,6210214.0,0.1,0.1,0.106,1.11
177,2019-05-31,105.859,105.917,106.12,105.859,413,4374011.0,0.25,0.09,0.091,0.78
178,2019-06-03,106.017,106.114,106.199,106.0,510,5411601.0,0.19,0.19,0.197,0.96
179,2019-06-04,106.116,106.324,106.325,106.115,1051,11171014.0,0.2,0.2,0.21,1.98
180,2019-06-05,106.324,106.473,106.474,106.225,668,7108200.0,0.23,0.14,0.149,1.26
181,2019-06-06,106.473,106.496,106.658,106.422,833,8871797.0,0.22,0.02,0.023,1.57
182,2019-06-10,106.48,106.401,106.48,106.28,567,6030030.0,0.19,-0.09,-0.095,1.07
183,2019-06-11,106.31,106.161,106.31,105.952,2602,27606828.0,0.34,-0.23,-0.24,4.9
184,2019-06-12,106.16,106.14,106.19,106.062,299,3175247.0,0.12,-0.02,-0.021,0.56
185,2019-06-13,106.145,106.275,106.287,106.145,414,4399282.0,0.13,0.13,0.135,0.78
186,2019-06-14,106.283,106.44,106.44,106.283,701,7456467.0,0.15,0.16,0.165,1.32
187,2019-06-17,106.44,106.512,106.53,106.44,627,6678016.0,0.08,0.07,0.072,1.18
188,2019-06-18,106.464,106.41,106.472,106.389,445,4735507.0,0.08,-0.1,-0.102,0.84
189,2019-06-19,106.35,106.353,106.399,106.001,872,9262491.0,0.37,-0.05,-0.057,1.64
190,2019-06-20,106.4,106.402,106.48,106.4,599,6375325.0,0.08,0.05,0.049,1.13
191,2019-06-21,106.396,106.401,106.444,106.3,726,7723985.0,0.14,0.0,-0.001,1.37
192,2019-06-24,106.4,106.37,106.461,106.35,404,4297845.0,0.1,-0.03,-0.031,0.76
193,2019-06-25,106.371,106.444,106.549,106.371,766,8154762.0,0.17,0.07,0.074,1.44
194,2019-06-26,106.411,106.392,106.411,106.391,238,2532475.0,0.02,-0.05,-0.052,0.45
195,2019-06-27,106.45,106.35,106.45,106.213,424,4513564.0,0.22,-0.04,-0.042,0.8
196,2019-06-28,106.358,106.436,106.468,106.28,1199,12752867.0,0.18,0.08,0.086,2.26
197,2019-07-01,106.408,106.501,106.519,106.335,855,9103522.0,0.17,0.06,0.065,1.61
198,2019-07-02,106.565,106.595,106.699,106.229,3680,39196271.0,0.44,0.09,0.094,6.93
199,2019-07-03,106.715,106.796,107.0,106.601,590,6297684.0,0.37,0.19,0.201,1.11
200,2019-07-04,106.82,107.07,107.071,106.796,723,7728560.0,0.26,0.26,0.274,1.36
201,2019-07-05,106.72,106.89,117.0,106.72,6200,66271089.0,9.6,-0.17,-0.18,11.68
202,2019-07-08,106.886,106.815,106.886,106.684,930,9936106.0,0.19,-0.07,-0.075,1.75
203,2019-07-09,107.299,106.911,107.315,106.817,792,8465316.0,0.47,0.09,0.096,1.49
204,2019-07-10,106.899,106.862,106.976,106.859,599,6402059.0,0.11,-0.05,-0.049,1.13
205,2019-07-11,107.017,106.913,107.018,106.875,1007,10775327.0,0.13,0.05,0.051,1.9
206,2019-07-12,106.979,106.919,106.979,106.907,787,8415024.0,0.07,0.01,0.006,1.48
207,2019-07-15,107.019,106.99,107.199,106.957,967,10348826.0,0.23,0.07,0.071,1.82
208,2019-07-16,106.962,106.961,107.021,106.952,601,6430163.0,0.06,-0.03,-0.029,1.13
209,2019-07-17,106.999,106.98,106.999,106.963,968,10355992.0,0.03,0.02,0.019,1.82
210,2019-07-18,107.019,107.055,107.056,107.019,738,7899641.0,0.03,0.07,0.075,1.39
211,2019-07-19,107.12,107.076,107.199,107.069,480,5140129.0,0.12,0.02,0.021,0.9
212,2019-07-22,107.13,107.131,107.249,107.0,964,10330977.0,0.23,0.05,0.055,1.82
213,2019-07-23,107.161,107.175,107.223,107.16,715,7663761.0,0.06,0.04,0.044,1.35
214,2019-07-24,107.168,107.137,107.216,107.117,702,7521152.0,0.09,-0.04,-0.038,1.32
215,2019-07-25,107.071,107.031,107.095,106.698,349,3735396.0,0.37,-0.1,-0.106,0.66
216,2019-07-26,107.0,107.059,107.139,107.0,411,4400636.0,0.13,0.03,0.028,0.77
217,2019-07-29,107.014,107.002,107.05,106.91,657,7030123.0,0.13,-0.05,-0.057,1.24
218,2019-07-30,106.828,106.978,106.978,106.808,752,8042198.0,0.16,-0.02,-0.024,1.42
219,2019-07-31,106.978,107.139,107.14,106.978,812,8695867.0,0.15,0.15,0.161,1.53
220,2019-08-01,107.152,107.17,107.201,107.152,471,5048617.0,0.05,0.03,0.031,0.89
221,2019-08-02,107.576,107.441,107.576,107.27,747,8023791.0,0.29,0.25,0.271,1.41
222,2019-08-05,107.52,107.838,107.955,107.519,1160,12501785.0,0.41,0.37,0.397,2.19
223,2019-08-06,108.335,108.098,108.338,108.012,1245,13462555.0,0.3,0.24,0.26,2.35
224,2019-08-07,108.094,108.0,108.5,107.958,635,6867969.0,0.5,-0.09,-0.098,1.2
225,2019-08-08,108.0,108.12,108.299,107.821,415,4485814.0,0.44,0.11,0.12,0.78
226,2019-08-09,108.148,108.52,108.543,108.11,339,3672366.0,0.4,0.37,0.4,0.64
227,2019-08-12,108.542,108.439,108.542,108.22,310,3359754.0,0.3,-0.07,-0.081,0.58
228,2019-08-13,108.44,108.55,108.919,108.337,580,6296797.0,0.54,0.1,0.111,1.09
229,2019-08-14,108.551,108.61,109.003,108.479,1387,15073392.0,0.48,0.06,0.06,2.61
230,2019-08-15,108.501,108.566,108.898,108.42,559,6071050.0,0.44,-0.04,-0.044,1.05
231,2019-08-16,108.566,108.43,108.6,108.374,579,6279258.0,0.21,-0.13,-0.136,1.09
232,2019-08-19,108.231,108.289,108.446,108.23,565,6120994.0,0.2,-0.13,-0.141,1.06
233,2019-08-20,108.218,108.199,108.35,108.179,346,3744111.0,0.16,-0.08,-0.09,0.65
234,2019-08-21,108.009,108.141,108.399,108.001,637,6888502.0,0.37,-0.05,-0.058,1.2
235,2019-08-22,108.04,108.101,108.141,108.01,698,7550497.0,0.12,-0.04,-0.04,1.32
236,2019-08-23,107.801,107.986,108.06,107.801,896,9678890.0,0.24,-0.11,-0.115,1.69
237,2019-08-26,108.05,108.22,108.223,108.05,1261,13642453.0,0.16,0.22,0.234,2.38
238,2019-08-27,108.2,108.085,108.2,107.82,945,10212738.0,0.35,-0.12,-0.135,1.78
239,2019-08-28,108.089,108.132,108.159,108.085,1023,11062377.0,0.07,0.04,0.047,1.93
240,2019-08-29,108.131,108.232,108.267,108.01,1476,15959135.0,0.24,0.09,0.1,2.78
241,2019-08-30,108.04,108.159,108.232,108.04,1285,13897779.0,0.18,-0.07,-0.073,2.42
242,2019-09-02,108.101,108.05,108.195,108.0,553,5978112.0,0.18,-0.1,-0.109,1.04
243,2019-09-03,108.061,108.051,108.24,108.02,525,5675197.0,0.2,0.0,0.001,0.99
244,2019-09-04,108.05,108.061,108.09,108.05,756,8169804.0,0.04,0.01,0.01,1.42
245,2019-09-05,108.13,108.141,108.151,108.019,970,10486326.0,0.12,0.07,0.08,1.83
246,2019-09-06,108.133,108.39,108.41,107.9,667,7223247.0,0.47,0.23,0.249,1.26
247,2019-09-09,108.103,108.221,108.35,108.1,496,5368788.0,0.23,-0.16,-0.169,0.93
248,2019-09-10,108.22,108.121,108.22,108.11,254,2746683.0,0.1,-0.09,-0.1,0.48
249,2019-09-11,108.003,108.13,108.166,108.003,557,6020901.0,0.15,0.01,0.009,1.05
250,2019-09-12,108.101,107.999,108.11,107.999,445,4808174.0,0.1,-0.12,-0.131,0.84
251,2019-09-16,107.999,107.852,107.999,107.8,944,10187270.0,0.18,-0.14,-0.147,1.78
252,2019-09-17,107.857,107.919,108.02,107.857,437,4717743.0,0.15,0.06,0.067,0.82
253,2019-09-18,107.83,107.841,107.979,107.83,375,4044756.0,0.14,-0.07,-0.078,0.71
254,2019-09-19,107.839,107.799,107.901,107.788,413,4452505.0,0.1,-0.04,-0.042,0.78
255,2019-09-20,107.781,107.813,107.813,107.781,235,2533268.0,0.03,0.01,0.014,0.44
256,2019-09-23,107.83,107.825,107.891,107.638,539,5812535.0,0.23,0.01,0.012,1.02
257,2019-09-24,107.803,107.799,107.856,107.76,418,4509788.0,0.09,-0.02,-0.026,0.79
258,2019-09-25,107.799,107.79,107.801,107.768,263,2834669.0,0.03,-0.01,-0.009,0.5
259,2019-09-26,107.735,107.53,107.742,107.51,218,2346529.0,0.22,-0.24,-0.26,0.41
260,2019-09-27,107.51,107.424,107.63,107.424,132,1419175.0,0.19,-0.1,-0.106,0.25
261,2019-09-30,107.422,107.43,107.583,107.254,411,4413664.0,0.31,0.01,0.006,0.77
262,2019-10-08,107.4,107.539,107.539,107.4,491,5277724.0,0.13,0.1,0.109,0.93
263,2019-10-09,107.602,107.701,107.72,107.602,548,5902242.0,0.11,0.15,0.162,1.03
264,2019-10-10,107.719,107.72,107.768,107.65,498,5365355.0,0.11,0.02,0.019,0.94
265,2019-10-11,107.53,107.598,107.661,107.519,180,1936843.0,0.13,-0.11,-0.122,0.34
266,2019-10-14,107.598,107.535,107.601,107.406,419,4505966.0,0.18,-0.06,-0.063,0.79
267,2019-10-15,107.625,107.524,107.625,107.453,206,2215005.0,0.16,-0.01,-0.011,0.39
268,2019-10-16,107.49,107.491,107.52,107.482,117,1257657.0,0.04,-0.03,-0.033,0.22
269,2019-10-17,107.49,107.51,107.511,107.471,161,1730824.0,0.04,0.02,0.019,0.3
270,2019-10-18,107.66,107.419,107.66,107.4,370,3977475.0,0.24,-0.08,-0.091,0.7
271,2019-10-21,107.419,107.25,107.419,107.249,227,2436290.0,0.16,-0.16,-0.169,0.43
272,2019-10-22,107.171,107.12,107.171,107.119,349,3741893.0,0.05,-0.12,-0.13,0.66
273,2019-10-23,107.163,107.141,107.163,107.14,180,1928645.0,0.02,0.02,0.021,0.34
274,2019-10-24,107.64,107.176,107.64,107.176,202,2165779.0,0.43,0.03,0.035,0.38
275,2019-10-25,107.175,107.122,107.175,107.111,413,4424460.0,0.06,-0.05,-0.054,0.78
276,2019-10-28,107.122,106.921,107.122,106.92,461,4930974.0,0.19,-0.19,-0.201,0.87
277,2019-10-29,106.723,106.649,106.916,106.6,444,4736278.0,0.3,-0.25,-0.272,0.84
278,2019-10-30,106.7,106.5,106.7,106.499,121,1294867.0,0.19,-0.14,-0.149,0.23
279,2019-10-31,106.7,106.651,106.7,106.511,408,4348939.0,0.18,0.14,0.151,0.77
280,2019-11-01,106.7,106.741,106.845,106.7,510,5441118.0,0.14,0.08,0.09,0.96
281,2019-11-04,106.551,106.674,106.741,106.551,560,5974062.0,0.18,-0.06,-0.067,1.06
282,2019-11-05,106.603,106.8,106.8,106.603,652,6964192.0,0.18,0.12,0.126,1.23
283,2019-11-06,106.76,106.901,106.949,106.76,345,3687783.0,0.18,0.09,0.101,0.65
284,2019-11-07,106.9,106.88,106.98,106.86,383,4094443.0,0.11,-0.02,-0.021,0.72
285,2019-11-08,106.86,106.715,106.86,106.71,800,8541405.0,0.14,-0.15,-0.165,1.51
286,2019-11-11,106.801,106.881,106.995,106.717,1320,14096289.0,0.26,0.16,0.166,2.49
287,2019-11-12,106.923,106.948,106.996,106.923,649,6942074.0,0.07,0.06,0.067,1.22
288,2019-11-13,107.049,107.096,107.097,107.049,754,8072724.0,0.04,0.14,0.148,1.42
289,2019-11-14,107.144,107.212,107.249,107.096,966,10355389.0,0.14,0.11,0.116,1.82
290,2019-11-15,107.215,107.241,107.299,107.17,496,5318946.0,0.12,0.03,0.029,0.93
291,2019-11-18,107.268,107.442,107.458,107.079,963,10343563.0,0.35,0.19,0.201,1.81
292,2019-11-19,107.376,107.541,107.639,107.376,1003,10785345.0,0.24,0.09,0.099,1.89
293,2019-11-20,107.55,107.606,107.639,107.55,1168,12566052.0,0.08,0.06,0.065,2.2
294,2019-11-21,107.556,107.6,107.648,107.51,879,9458194.0,0.13,-0.01,-0.006,1.66
295,2019-11-22,107.55,107.565,107.598,107.503,516,5551901.0,0.09,-0.03,-0.035,0.97
296,2019-11-25,107.516,107.447,107.563,107.403,294,3161024.0,0.15,-0.11,-0.118,0.55
297,2019-11-26,107.412,107.491,107.548,107.412,1302,13990939.0,0.13,0.04,0.044,2.45
298,2019-11-27,107.581,107.569,107.68,107.521,403,4335312.0,0.15,0.07,0.078,0.76
299,2019-11-28,107.569,107.601,107.66,107.569,248,2669236.0,0.08,0.03,0.032,0.47
300,2019-11-29,107.552,107.6,107.68,107.552,594,6390757.0,0.12,0.0,-0.001,1.12
301,2019-12-02,107.55,107.691,107.75,107.528,25429,273851968.0,0.21,0.08,0.091,47.92
302,2019-12-03,107.641,107.672,107.707,107.542,10529,113402881.0,0.15,-0.02,-0.019,19.84
303,2019-12-04,107.673,107.823,107.9,107.673,727,7837582.0,0.21,0.14,0.151,1.37
304,2019-12-05,107.823,107.876,107.9,107.823,167,1800958.0,0.07,0.05,0.053,0.31
305,2019-12-06,107.841,107.845,107.87,107.629,184,1983987.0,0.22,-0.03,-0.031,0.35
306,2019-12-09,107.83,107.839,107.939,107.83,49,528456.0,0.1,-0.01,-0.006,0.09
307,2019-12-10,107.709,107.72,107.839,107.709,122,1315913.0,0.12,-0.11,-0.119,0.23
308,2019-12-11,107.726,107.748,107.79,107.719,248,2672119.0,0.07,0.03,0.028,0.47
309,2019-12-12,107.726,107.795,107.795,107.726,177,1908832.0,0.06,0.04,0.047,0.33
310,2019-12-13,107.781,107.723,107.782,107.686,460,4959377.0,0.09,-0.07,-0.072,0.87
311,2019-12-16,107.689,107.695,107.799,107.689,343,3694655.0,0.1,-0.03,-0.028,0.65
312,2019-12-17,107.7,107.5,107.7,107.5,289,3114006.0,0.19,-0.18,-0.195,0.55
313,2019-12-18,107.452,107.5,107.74,107.452,403,4334369.0,0.27,0.0,0.0,0.76
314,2019-12-19,107.452,107.53,107.764,107.402,7352,79216297.0,0.34,0.03,0.03,13.85
315,2019-12-20,107.763,107.705,108.004,107.506,7993,86284963.0,0.46,0.16,0.175,15.06
316,2019-12-23,107.755,108.13,108.132,107.755,1614,17449287.0,0.35,0.39,0.425,3.04
317,2019-12-24,108.178,108.21,108.319,108.178,3892,42152559.0,0.13,0.07,0.08,7.33
318,2019-12-25,108.26,108.31,108.399,108.226,3198,34636821.0,0.16,0.09,0.1,6.03
319,2019-12-26,108.309,108.449,108.455,108.309,2867,31091620.0,0.13,0.13,0.139,5.4
320,2019-12-27,108.39,108.451,108.461,108.351,3113,33759636.0,0.1,0.0,0.002,5.87
321,2019-12-30,108.39,108.444,108.49,108.3,239,2591484.0,0.18,-0.01,-0.007,0.45
322,2019-12-31,108.39,108.47,108.489,108.39,297,3220947.0,0.09,0.02,0.026,0.56
323,2020-01-02,108.352,108.351,108.453,108.35,616,6675862.0,0.09,-0.11,-0.119,1.16
324,2020-01-03,108.301,108.359,108.48,108.27,148,1603002.0,0.19,0.01,0.008,0.28
325,2020-01-06,108.408,108.5,108.547,108.286,261,2828773.0,0.24,0.13,0.141,0.49
326,2020-01-07,108.549,108.434,108.549,108.368,111,1204576.0,0.17,-0.06,-0.066,0.21
327,2020-01-08,108.434,108.438,108.54,108.352,331,3588714.0,0.17,0.0,0.004,0.62
328,2020-01-09,108.438,108.459,108.625,108.388,5661,61486024.0,0.22,0.02,0.021,10.67
329,2020-01-10,108.509,108.874,108.876,108.457,23625,257078573.0,0.39,0.38,0.415,44.52
330,2020-01-13,108.864,108.831,108.888,108.802,275,2993092.0,0.08,-0.04,-0.043,0.52
331,2020-01-14,108.831,108.741,108.85,108.737,361,3926810.0,0.1,-0.08,-0.09,0.68
332,2020-01-15,108.741,108.777,108.87,108.741,172,1870950.0,0.12,0.03,0.036,0.32
333,2020-01-16,108.731,108.75,108.81,108.731,155,1688105.0,0.07,-0.02,-0.027,0.29
334,2020-01-17,108.75,108.835,108.844,108.75,371,4036728.0,0.09,0.08,0.085,0.7
335,2020-01-20,108.835,108.947,108.947,108.788,223,2428151.0,0.15,0.1,0.112,0.42
336,2020-01-21,108.947,109.2,109.4,108.941,1238,13527486.0,0.42,0.23,0.253,2.33
337,2020-01-22,109.25,109.33,109.74,109.04,364,3982608.0,0.64,0.12,0.13,0.69
338,2020-01-23,109.38,109.663,109.76,109.38,530,5807253.0,0.35,0.3,0.333,1.0
339,2020-02-03,110.003,110.935,111.501,110.0,496,5490720.0,1.37,1.16,1.272,0.93
340,2020-02-04,110.73,110.845,110.994,110.72,204,2260567.0,0.25,-0.08,-0.09,0.38
341,2020-02-05,110.84,110.873,110.879,110.689,138,1529130.0,0.17,0.03,0.028,0.26
342,2020-02-06,110.688,110.875,110.977,110.688,176,1951096.0,0.26,0.0,0.002,0.33
343,2020-02-07,110.87,111.03,111.115,110.87,258,2864358.0,0.22,0.14,0.155,0.49
344,2020-02-10,111.03,111.222,111.245,111.03,518,5758436.0,0.19,0.17,0.192,0.98
345,2020-02-11,111.25,111.304,113.579,111.173,1250,13951190.0,2.16,0.07,0.082,2.36
346,2020-02-12,111.254,111.301,111.385,111.248,478,5320100.0,0.12,0.0,-0.003,0.9
347,2020-02-13,111.25,111.189,111.25,111.107,329,3657023.0,0.13,-0.1,-0.112,0.62
348,2020-02-14,111.14,111.177,111.183,111.102,201,2234708.0,0.07,-0.01,-0.012,0.38
349,2020-02-17,111.122,110.996,111.122,110.811,308,3420918.0,0.28,-0.16,-0.181,0.58
350,2020-02-18,111.0,110.78,111.002,110.6,476,5274240.0,0.36,-0.19,-0.216,0.9
351,2020-02-19,110.82,110.754,110.829,110.75,431,4774009.0,0.07,-0.02,-0.026,0.81
352,2020-02-20,110.75,110.6,110.787,110.542,297,3287360.0,0.22,-0.14,-0.154,0.56
353,2020-02-21,110.609,110.811,110.888,110.609,479,5305149.0,0.25,0.19,0.211,0.9
354,2020-02-24,110.821,111.042,111.15,110.821,376,4174446.0,0.3,0.21,0.231,0.71
355,2020-02-25,111.09,111.05,111.245,111.05,375,4167955.0,0.18,0.01,0.008,0.71
356,2020-02-26,111.1,111.141,111.238,111.061,325,3612375.0,0.16,0.08,0.091,0.61
357,2020-02-27,111.141,111.349,111.39,111.141,393,4373211.0,0.22,0.19,0.208,0.74
358,2020-02-28,111.39,111.7,112.499,111.35,1005,11232851.0,1.03,0.32,0.351,1.89
359,2020-03-02,111.75,111.71,111.899,111.7,575,6424403.0,0.18,0.01,0.01,1.08
360,2020-03-03,111.709,111.701,111.71,111.421,510,5692077.0,0.26,-0.01,-0.009,0.96
361,2020-03-04,111.716,111.901,111.923,111.716,822,9195355.0,0.19,0.18,0.2,1.55
362,2020-03-05,111.914,112.12,112.198,111.914,600,6726051.0,0.25,0.2,0.219,1.13
363,2020-03-06,112.1,112.545,112.56,112.1,451,5063818.0,0.41,0.38,0.425,0.85
364,2020-03-09,112.601,113.948,114.51,112.601,3870,44056161.0,1.7,1.25,1.403,7.29
365,2020-03-10,113.899,113.074,113.9,112.953,2559,29005028.0,0.83,-0.77,-0.874,4.82
366,2020-03-11,113.1,113.086,113.1,112.8,1513,17098663.0,0.27,0.01,0.012,2.85
367,2020-03-12,113.136,113.282,113.6,112.91,3295,37340906.0,0.61,0.17,0.196,6.21
368,2020-03-13,113.29,112.378,113.6,112.105,2345,26450445.0,1.32,-0.8,-0.904,4.42
369,2020-03-16,112.428,112.389,112.79,112.191,1491,16771608.0,0.53,0.01,0.011,2.81
370,2020-03-17,112.339,111.973,112.389,111.3,986,11043368.0,0.97,-0.37,-0.416,1.86
371,2020-03-18,111.81,112.035,112.099,111.68,1117,12496865.0,0.37,0.06,0.062,2.1
372,2020-03-19,111.985,111.73,112.077,111.718,883,9875204.0,0.32,-0.27,-0.305,1.66
373,2020-03-20,111.726,111.7,111.77,111.581,1665,18590544.0,0.17,-0.03,-0.03,3.14
374,2020-03-23,112.01,112.29,112.4,112.01,1631,18306625.0,0.35,0.53,0.59,3.07
375,2020-03-24,112.282,112.476,112.76,112.05,1636,18388686.0,0.63,0.17,0.186,3.08
376,2020-03-25,112.47,112.485,112.57,112.222,1333,14985699.0,0.31,0.01,0.009,2.51
377,2020-03-26,112.485,112.651,112.7,112.46,2982,33583662.0,0.21,0.15,0.166,5.62
378,2020-03-27,112.6,112.677,113.0,112.515,3291,37094272.0,0.43,0.02,0.026,6.2
379,2020-03-30,112.65,112.705,112.84,112.631,3126,35232794.0,0.19,0.02,0.028,5.89
380,2020-03-31,112.605,112.815,112.815,112.6,2899,32673771.0,0.19,0.1,0.11,5.46
381,2020-04-01,112.828,112.97,112.999,112.828,2908,32845389.0,0.15,0.14,0.155,5.48
382,2020-04-02,112.81,112.933,113.13,112.81,2882,32590286.0,0.28,-0.03,-0.037,5.43
383,2020-04-03,112.916,112.934,113.047,112.91,2438,27545351.0,0.12,0.0,0.001,4.59
384,2020-04-07,112.984,113.394,113.462,112.961,2675,30292615.0,0.44,0.41,0.46,5.04
385,2020-04-08,113.444,113.61,113.669,113.403,2923,33198113.0,0.23,0.19,0.216,5.51
386,2020-04-09,113.682,113.493,113.692,113.4,3322,37713566.0,0.26,-0.1,-0.117,6.26
387,2020-04-10,113.49,113.381,113.655,113.3,3203,36339941.0,0.31,-0.1,-0.112,6.04
388,2020-04-13,113.38,113.467,113.488,113.217,3447,39103236.0,0.24,0.08,0.086,6.5
389,2020-04-14,113.5,113.429,113.582,113.391,2862,32492083.0,0.17,-0.03,-0.038,5.39
390,2020-04-15,113.5,113.572,113.584,113.5,2264,25707701.0,0.07,0.13,0.143,4.27
391,2020-04-16,113.622,113.877,113.97,113.57,2421,27545813.0,0.35,0.27,0.305,4.56
392,2020-04-17,113.877,113.778,114.135,113.708,2526,28763699.0,0.37,-0.09,-0.099,4.76
393,2020-04-20,113.781,113.431,114.02,113.385,3919,44534478.0,0.56,-0.3,-0.347,7.39
394,2020-04-21,113.46,113.43,113.478,113.345,1662,18848617.0,0.12,0.0,-0.001,3.13
395,2020-04-22,113.478,113.714,113.762,113.435,3557,40428902.0,0.29,0.25,0.284,6.7
396,2020-04-23,113.66,114.26,114.356,113.6,3575,40754024.0,0.66,0.48,0.546,6.74
397,2020-04-24,114.313,114.532,114.79,114.232,3937,45105962.0,0.49,0.24,0.272,7.42
398,2020-04-27,114.4,114.504,114.705,114.2,4460,51054133.0,0.44,-0.02,-0.028,8.4
399,2020-04-28,114.4,114.634,114.7,114.322,4798,54950452.0,0.33,0.11,0.13,9.04
400,2020-04-29,114.6,114.749,114.9,114.568,3394,38943310.0,0.29,0.1,0.115,6.4
401,2020-04-30,114.602,114.501,114.7,114.405,4498,51529888.0,0.26,-0.22,-0.248,8.48
402,2020-05-06,114.551,114.289,114.551,114.23,4056,46377444.0,0.28,-0.19,-0.212,7.64
403,2020-05-07,114.289,113.755,114.289,113.7,4300,48984471.0,0.52,-0.47,-0.534,8.1
404,2020-05-08,113.989,113.472,113.989,113.2,7292,82694244.0,0.69,-0.25,-0.283,13.74
405,2020-05-11,113.581,112.922,113.581,112.913,7424,84039141.0,0.59,-0.48,-0.55,13.99
406,2020-05-12,112.921,113.235,113.249,112.921,6558,74184644.0,0.29,0.28,0.313,12.36
407,2020-05-13,113.021,112.979,113.35,112.954,7505,84937603.0,0.35,-0.23,-0.256,14.14
408,2020-05-14,112.985,112.928,113.048,112.555,8492,95777202.0,0.44,-0.05,-0.051,16.0
409,2020-05-15,112.935,113.132,113.142,112.768,9347,105600908.0,0.33,0.18,0.204,17.61
410,2020-05-18,112.942,112.637,113.097,112.616,6826,76945362.0,0.43,-0.44,-0.495,12.86
411,2020-05-19,112.52,112.784,112.822,112.349,6701,75463602.0,0.42,0.13,0.147,12.63
412,2020-05-20,112.699,112.989,112.992,112.695,6911,77965888.0,0.26,0.18,0.205,13.02
413,2020-05-21,112.766,113.039,113.104,112.766,6041,68274998.0,0.3,0.04,0.05,11.38
414,2020-05-22,113.155,113.564,113.566,113.085,8607,97580549.0,0.43,0.46,0.525,16.22
415,2020-05-25,113.514,113.203,113.514,113.12,8066,91350956.0,0.35,-0.32,-0.361,15.2
416,2020-05-26,113.251,112.786,113.331,112.648,6599,74475755.0,0.6,-0.37,-0.417,12.44
417,2020-05-27,112.8,112.784,112.93,112.63,7698,86823089.0,0.27,0.0,-0.002,14.51
418,2020-05-28,112.765,113.109,113.166,112.762,8620,97389335.0,0.36,0.29,0.325,16.24
419,2020-05-29,113.03,112.733,113.16,112.688,7540,85148869.0,0.42,-0.33,-0.376,14.21
420,2020-06-01,112.783,112.401,112.783,112.36,7071,79609223.0,0.38,-0.29,-0.332,13.33
421,2020-06-02,112.498,112.063,112.498,111.922,8588,96236222.0,0.51,-0.3,-0.338,16.18
422,2020-06-03,112.013,111.872,112.013,111.596,6630,74093610.0,0.37,-0.17,-0.191,12.49
423,2020-06-04,111.9,111.499,111.922,111.494,7576,84629278.0,0.38,-0.33,-0.373,14.28
424,2020-06-05,111.55,111.403,111.64,111.329,7019,78239357.0,0.28,-0.09,-0.096,13.23
425,2020-06-08,111.402,111.781,111.782,111.332,7628,85169204.0,0.4,0.34,0.378,14.37
426,2020-06-09,111.83,111.761,111.952,111.752,7346,82187504.0,0.18,-0.02,-0.02,13.84
427,2020-06-10,111.791,111.731,111.964,111.637,7057,78899577.0,0.29,-0.03,-0.03,13.3
428,2020-06-11,111.805,112.223,112.249,111.805,9808,109835629.0,0.4,0.44,0.492,18.48
429,2020-06-12,112.39,112.318,112.75,112.255,7115,79951624.0,0.44,0.08,0.095,13.41
430,2020-06-15,112.46,112.619,112.647,112.28,6957,78294580.0,0.33,0.27,0.301,13.11
431,2020-06-16,112.2,111.787,112.2,111.76,8620,96455560.0,0.39,-0.74,-0.832,16.24
432,2020-06-17,111.837,111.694,111.837,111.456,6397,71445171.0,0.34,-0.08,-0.093,12.06
433,2020-06-18,111.98,111.513,111.98,111.418,11495,128349349.0,0.5,-0.16,-0.181,21.66
434,2020-06-19,111.543,111.54,111.608,111.43,10812,120564829.0,0.16,0.02,0.027,20.38
435,2020-06-22,111.54,111.56,111.621,111.43,8663,96614830.0,0.17,0.02,0.02,16.33
436,2020-06-23,111.491,111.01,111.57,110.9,6521,72549738.0,0.6,-0.49,-0.55,12.29
437,2020-06-24,111.2,111.52,111.558,111.143,7831,87233113.0,0.37,0.46,0.51,14.76
438,2020-06-29,111.499,111.566,111.595,111.405,5882,65613261.0,0.17,0.04,0.046,11.08
439,2020-06-30,111.5,111.463,111.533,111.35,6541,72883953.0,0.16,-0.09,-0.103,12.33
440,2020-07-01,111.5,111.566,111.6,111.47,4917,54848219.0,0.12,0.09,0.103,9.27
441,2020-07-02,111.5,111.716,111.962,111.405,8040,89745657.0,0.5,0.13,0.15,15.15
442,2020-07-03,111.501,111.6,111.681,111.374,6205,69185780.0,0.27,-0.1,-0.116,11.69
443,2020-07-06,111.435,110.585,111.435,110.481,5995,66427157.0,0.85,-0.91,-1.015,11.3
444,2020-07-07,110.43,110.116,110.43,110.041,5566,61305906.0,0.35,-0.42,-0.469,10.49
445,2020-07-08,110.2,109.756,110.2,109.747,5178,56936441.0,0.41,-0.33,-0.36,9.76
446,2020-07-09,109.755,109.567,109.756,109.161,10859,118815058.0,0.54,-0.17,-0.189,20.46
447,2020-07-10,109.78,109.839,110.011,109.65,10943,120208279.0,0.33,0.25,0.272,20.62
448,2020-07-13,109.8,109.651,109.812,109.504,8603,94308957.0,0.28,-0.17,-0.188,16.21
449,2020-07-14,109.815,110.088,110.138,109.815,9012,99164906.0,0.29,0.4,0.437,16.98
450,2020-07-15,110.081,110.483,110.499,109.8,8464,93311619.0,0.63,0.36,0.395,15.95
451,2020-07-16,110.309,110.744,110.782,110.309,10255,113514684.0,0.43,0.24,0.261,19.33
452,2020-07-17,110.748,110.445,110.77,110.362,8189,90603618.0,0.37,-0.27,-0.299,15.43
453,2020-07-20,110.395,110.334,110.401,110.118,6754,74509402.0,0.26,-0.1,-0.111,12.73
454,2020-07-21,110.844,110.393,110.844,110.27,8108,89498357.0,0.52,0.05,0.059,15.28
455,2020-07-22,110.412,111.077,111.11,110.29,8002,88489774.0,0.74,0.62,0.684,15.08
456,2020-07-23,111.0,111.208,111.29,110.95,9668,107461389.0,0.31,0.12,0.131,18.22
457,2020-07-24,111.21,111.393,111.424,111.152,9134,101645251.0,0.24,0.17,0.185,17.21
458,2020-07-27,111.25,111.445,111.474,111.204,6444,71761371.0,0.24,0.05,0.052,12.14
459,2020-07-28,111.435,111.151,111.435,111.1,6828,75907453.0,0.3,-0.26,-0.294,12.87
460,2020-07-29,111.35,110.983,111.35,110.89,6622,73527491.0,0.41,-0.15,-0.168,12.48
461,2020-07-30,110.9,110.763,110.91,110.71,5668,62805285.0,0.18,-0.2,-0.22,10.68
462,2020-07-31,110.77,110.361,110.77,110.336,7204,79546954.0,0.39,-0.36,-0.402,13.58
463,2020-08-03,110.368,110.442,110.451,110.133,7118,78560151.0,0.29,0.07,0.081,13.41
464,2020-08-04,110.44,110.463,110.552,110.36,5918,65375623.0,0.17,0.02,0.021,11.15
465,2020-08-05,110.45,110.606,110.674,110.45,5740,63469872.0,0.2,0.13,0.143,10.82
466,2020-08-06,110.405,110.646,110.674,110.405,6498,71880234.0,0.24,0.04,0.04,12.25
467,2020-08-07,110.64,110.51,110.69,110.45,6549,72406614.0,0.22,-0.12,-0.136,12.34
468,2020-08-10,110.52,110.616,110.62,110.45,6274,69346857.0,0.15,0.1,0.106,11.82
469,2020-08-11,110.616,110.488,110.639,110.467,6740,74495449.0,0.16,-0.12,-0.128,12.7
470,2020-08-12,110.515,110.314,110.789,110.215,6722,74252803.0,0.52,-0.16,-0.174,12.67
471,2020-08-13,110.313,110.597,110.597,110.312,6902,76280599.0,0.26,0.26,0.283,13.01
472,2020-08-14,110.597,110.636,110.768,110.572,4881,54023049.0,0.18,0.04,0.039,9.2
473,2020-08-17,110.637,110.726,110.76,110.636,4165,46118665.0,0.11,0.08,0.09,7.85
474,2020-08-18,110.724,110.758,110.792,110.716,3363,37250535.0,0.07,0.03,0.032,6.34
475,2020-08-19,110.74,110.579,110.758,110.56,4913,54387259.0,0.18,-0.16,-0.179,9.26
476,2020-08-20,110.55,110.322,110.615,110.31,7295,80583781.0,0.28,-0.23,-0.257,13.75
477,2020-08-21,110.373,110.36,110.401,110.309,4795,52916412.0,0.08,0.03,0.038,9.04
478,2020-08-24,110.37,110.342,110.438,110.143,5942,65550213.0,0.27,-0.02,-0.018,11.2
479,2020-08-25,110.341,110.034,110.342,109.961,7628,83955422.0,0.35,-0.28,-0.308,14.37
480,2020-08-26,110.044,109.89,110.117,109.849,5836,64217808.0,0.24,-0.13,-0.144,11.0
481,2020-08-27,109.89,109.957,110.015,109.881,7104,78117831.0,0.12,0.06,0.067,13.39
482,2020-08-28,110.006,109.645,110.006,109.618,6955,76323099.0,0.35,-0.28,-0.312,13.11
483,2020-08-31,109.631,109.724,109.812,109.518,7638,83808118.0,0.27,0.07,0.079,14.39
484,2020-09-01,109.8,110.117,110.191,109.7,6959,76533636.0,0.45,0.36,0.393,13.11
485,2020-09-02,110.107,109.962,110.107,109.848,5936,65281582.0,0.24,-0.14,-0.155,11.19
486,2020-09-03,109.962,110.266,110.273,109.723,8397,92303430.0,0.5,0.28,0.304,15.82
487,2020-09-04,110.216,110.291,110.408,110.16,11500,126841936.0,0.22,0.02,0.025,21.67
488,2020-09-07,110.339,110.048,110.36,109.971,11450,126031009.0,0.35,-0.22,-0.243,21.58
489,2020-09-08,110.139,110.397,110.45,109.99,11032,121713619.0,0.42,0.32,0.349,20.79
490,2020-09-09,110.172,110.683,110.687,110.172,12264,135503610.0,0.47,0.26,0.286,23.11
491,2020-09-10,110.65,110.746,110.78,110.458,11195,123856202.0,0.29,0.06,0.063,21.1
492,2020-09-11,110.769,110.183,110.769,110.177,11196,123578617.0,0.53,-0.51,-0.563,21.1
493,2020-09-14,109.922,109.797,110.031,109.76,7131,78358775.0,0.25,-0.35,-0.386,13.44
494,2020-09-15,109.78,110.212,110.217,109.733,10725,117999255.0,0.44,0.38,0.415,20.21
495,2020-09-16,110.0,110.25,110.35,110.0,7603,83811823.0,0.32,0.03,0.038,14.33
496,2020-09-17,110.102,110.195,110.378,110.102,13716,151205933.0,0.25,-0.05,-0.055,25.85
497,2020-09-18,110.11,110.216,110.471,110.11,10892,120173079.0,0.33,0.02,0.021,20.53
498,2020-09-21,110.166,110.718,110.729,110.166,9576,105825266.0,0.51,0.46,0.502,18.05
499,2020-09-22,110.6,110.898,112.933,110.6,12916,143156279.0,2.11,0.16,0.18,24.34
500,2020-09-23,110.8,110.653,110.898,110.558,13437,148732480.0,0.31,-0.22,-0.245,25.32
501,2020-09-24,110.68,110.605,110.807,110.527,11139,123272937.0,0.25,-0.04,-0.048,20.99
502,2020-09-25,110.61,110.453,110.611,110.421,12511,138257874.0,0.17,-0.14,-0.152,23.58
503,2020-09-28,110.453,110.594,110.6,110.248,11252,124230833.0,0.32,0.13,0.141,21.2
504,2020-09-29,110.566,110.403,110.594,110.34,11346,125309199.0,0.23,-0.17,-0.191,21.38
505,2020-09-30,110.403,110.188,110.55,110.137,9897,109203289.0,0.37,-0.19,-0.215,18.65
506,2020-10-09,110.03,110.04,110.085,109.941,11424,125675703.0,0.13,-0.13,-0.148,21.53
507,2020-10-12,110.06,109.74,110.06,109.684,7217,79229962.0,0.34,-0.27,-0.3,13.6
508,2020-10-13,109.739,109.787,109.88,109.7,9099,99907198.0,0.16,0.04,0.047,17.15
509,2020-10-14,109.79,109.687,109.847,109.629,7556,82897122.0,0.2,-0.09,-0.1,14.24
510,2020-10-15,109.693,109.603,109.766,109.537,5478,60056553.0,0.21,-0.08,-0.084,10.32
511,2020-10-16,109.603,109.824,109.849,109.603,6712,73668449.0,0.22,0.2,0.221,12.65
512,2020-10-19,109.799,110.062,110.081,109.631,7350,80784895.0,0.41,0.22,0.238,13.85
513,2020-10-20,110.009,109.858,110.123,109.81,6200,68124969.0,0.28,-0.19,-0.204,11.68
514,2020-10-21,109.859,109.887,109.982,109.755,8817,96895534.0,0.21,0.03,0.029,16.62
515,2020-10-22,109.978,110.016,110.242,109.958,6015,66195317.0,0.26,0.12,0.129,11.34
516,2020-10-23,109.982,109.956,110.028,109.907,4302,47302708.0,0.11,-0.05,-0.06,8.11
517,2020-10-26,109.956,109.813,109.999,109.808,5054,55554947.0,0.17,-0.13,-0.143,9.52
518,2020-10-27,109.813,110.076,110.104,109.8,6387,70251200.0,0.28,0.24,0.263,12.04
519,2020-10-28,110.091,110.059,110.249,109.917,5593,61586140.0,0.3,-0.02,-0.017,10.54
520,2020-10-29,110.06,110.121,110.376,110.06,6750,74399483.0,0.29,0.06,0.062,12.72
521,2020-10-30,110.122,110.104,110.315,110.077,4771,52579945.0,0.22,-0.02,-0.017,8.99
522,2020-11-02,110.105,110.332,111.008,110.071,6970,76881688.0,0.85,0.21,0.228,13.13
523,2020-11-03,110.35,110.286,110.39,110.212,6924,76378277.0,0.16,-0.04,-0.046,13.05
524,2020-11-04,110.279,110.284,110.4,110.194,7494,82656839.0,0.19,0.0,-0.002,14.12
525,2020-11-05,110.283,110.27,110.477,110.201,7256,80032706.0,0.25,-0.01,-0.014,13.67
526,2020-11-06,110.271,110.259,110.517,110.196,5411,59672318.0,0.29,-0.01,-0.011,10.2
527,2020-11-09,110.259,110.05,110.316,109.988,8988,98963948.0,0.3,-0.19,-0.209,16.94
528,2020-11-10,110.0,110.014,110.125,109.95,6606,72684277.0,0.16,-0.03,-0.036,12.45
529,2020-11-11,110.015,109.97,110.147,109.904,7074,77828618.0,0.22,-0.04,-0.044,13.33
530,2020-11-12,109.97,110.018,110.124,109.9,7845,86272822.0,0.2,0.04,0.048,14.78
531,2020-11-13,110.012,109.692,110.061,109.601,6528,71712380.0,0.42,-0.3,-0.326,12.3
532,2020-11-16,109.692,109.8,109.939,109.59,4144,45482132.0,0.32,0.1,0.108,7.81
533,2020-11-17,109.8,109.829,109.88,109.748,4620,50742787.0,0.12,0.03,0.029,8.71
534,2020-11-18,109.852,109.622,109.887,109.56,6213,68144419.0,0.3,-0.19,-0.207,11.71
535,2020-11-19,109.6,109.508,109.6,109.398,4981,54552740.0,0.18,-0.1,-0.114,9.39
536,2020-11-20,109.448,109.448,109.503,109.32,6500,71107336.0,0.17,-0.05,-0.06,12.25
537,2020-11-23,109.501,109.583,109.63,109.501,5723,62704889.0,0.12,0.12,0.135,10.78
538,2020-11-24,109.562,109.541,109.61,109.513,7460,81744550.0,0.09,-0.04,-0.042,14.06
539,2020-11-25,109.529,109.575,109.631,109.46,5640,61797377.0,0.16,0.03,0.034,10.63
540,2020-11-26,109.578,109.564,109.661,109.56,7690,84282118.0,0.09,-0.01,-0.011,14.49
541,2020-11-27,109.555,109.53,109.757,109.478,5121,56115699.0,0.25,-0.03,-0.034,9.65
542,2020-11-30,109.533,109.682,109.69,109.532,5259,57637942.0,0.14,0.14,0.152,9.91
543,2020-12-01,109.683,109.61,109.691,109.55,4329,47464482.0,0.13,-0.07,-0.072,8.16
544,2020-12-02,109.61,109.551,109.61,109.524,4802,52604887.0,0.08,-0.05,-0.059,9.05
545,2020-12-03,109.551,109.528,109.637,109.501,5273,57773194.0,0.12,-0.02,-0.023,9.94
546,2020-12-04,109.529,109.9,110.1,109.529,7480,82052113.0,0.52,0.34,0.372,14.1
547,2020-12-07,109.85,109.751,109.98,109.708,6484,71195273.0,0.25,-0.14,-0.149,12.22
548,2020-12-08,109.78,110.089,110.089,109.78,9026,99326409.0,0.28,0.31,0.338,17.01
549,2020-12-09,110.089,109.985,110.158,109.892,4346,47797702.0,0.24,-0.09,-0.104,8.19
550,2020-12-10,109.985,109.956,110.0,109.882,6346,69752651.0,0.11,-0.03,-0.029,11.96
551,2020-12-11,109.956,109.785,109.956,109.73,7425,81525344.0,0.21,-0.16,-0.171,13.99
552,2020-12-14,109.809,109.63,109.843,109.601,5724,62767284.0,0.22,-0.14,-0.155,10.79
553,2020-12-15,109.662,109.66,109.738,109.628,6479,71060942.0,0.1,0.03,0.03,12.21
554,2020-12-16,109.679,109.665,109.695,109.63,5861,64267743.0,0.06,0.0,0.005,11.04
555,2020-12-17,109.666,109.574,109.8,109.555,5017,55018659.0,0.22,-0.08,-0.091,9.45
556,2020-12-18,109.58,109.575,109.644,109.542,3063,33568158.0,0.09,0.0,0.001,5.77
557,2020-12-21,109.576,109.559,109.62,109.55,3867,42368219.0,0.06,-0.01,-0.016,7.29
558,2020-12-22,109.599,109.766,109.85,109.54,5235,57381389.0,0.28,0.19,0.207,9.87
559,2020-12-23,109.803,109.832,109.998,109.792,4985,54780592.0,0.19,0.06,0.066,9.39
560,2020-12-24,109.832,109.841,109.988,109.805,4449,48876245.0,0.17,0.01,0.009,8.38
561,2020-12-25,109.842,109.976,109.987,109.84,7030,77275447.0,0.13,0.12,0.135,13.25
562,2020-12-28,109.989,110.0,110.147,109.988,6532,71883944.0,0.14,0.02,0.024,12.31
563,2020-12-29,110.044,110.189,110.25,110.044,5846,64380773.0,0.19,0.17,0.189,11.02
564,2020-12-30,110.19,110.249,110.33,110.068,4948,54539434.0,0.24,0.05,0.06,9.32
565,2020-12-31,110.255,110.105,110.38,110.1,5080,56018769.0,0.25,-0.13,-0.144,9.57
566,2021-01-04,110.105,110.038,110.238,109.938,9359,102937146.0,0.27,-0.06,-0.067,17.64
567,2021-01-05,110.038,110.21,110.268,110.038,4222,46503798.0,0.21,0.16,0.172,7.96
568,2021-01-06,110.211,110.44,110.475,110.191,5771,63702103.0,0.26,0.21,0.23,10.88
569,2021-01-07,110.441,110.426,110.48,110.361,4336,47879692.0,0.11,-0.01,-0.014,8.17
570,2021-01-08,110.518,110.446,110.73,110.35,6069,67126126.0,0.34,0.02,0.02,11.44
571,2021-01-11,110.351,110.411,110.446,110.3,6622,73084160.0,0.13,-0.03,-0.035,12.48
572,2021-01-12,110.415,110.47,110.499,110.348,4707,51994176.0,0.14,0.05,0.059,8.87
573,2021-01-13,110.47,110.718,110.815,110.47,4513,49967589.0,0.31,0.22,0.248,8.5
574,2021-01-14,110.72,110.869,110.958,110.72,4624,51261007.0,0.21,0.14,0.151,8.71
575,2021-01-15,110.875,111.032,111.099,110.86,7743,85948549.0,0.22,0.15,0.163,14.59
576,2021-01-18,111.055,110.777,111.055,110.743,7527,83423797.0,0.28,-0.23,-0.255,14.18
577,2021-01-19,110.6,110.671,110.776,110.6,7325,81062562.0,0.16,-0.1,-0.106,13.8
578,2021-01-20,110.685,110.886,110.899,110.685,5627,62346870.0,0.19,0.19,0.215,10.6
579,2021-01-21,110.886,110.892,111.019,110.811,7263,80545336.0,0.19,0.01,0.006,13.69
580,2021-01-22,110.9,111.118,111.186,110.899,4258,47297664.0,0.26,0.2,0.226,8.02
581,2021-01-25,111.119,111.068,111.219,111.02,5755,63930955.0,0.18,-0.04,-0.05,10.85
582,2021-01-26,111.0,110.62,111.18,110.591,4675,51845103.0,0.53,-0.4,-0.448,8.81
583,2021-01-27,110.653,110.533,110.838,110.48,4343,48062886.0,0.32,-0.08,-0.087,8.18
584,2021-01-28,110.555,110.496,110.682,110.375,3610,39897073.0,0.28,-0.03,-0.037,6.8
585,2021-01-29,110.45,110.282,110.507,110.242,3888,42906187.0,0.24,-0.19,-0.214,7.33
586,2021-02-01,110.38,110.615,110.649,110.322,6177,68293065.0,0.3,0.3,0.333,11.64
587,2021-02-02,110.649,110.76,110.835,110.5,9561,105848492.0,0.3,0.13,0.145,18.02
588,2021-02-03,110.772,110.672,110.819,110.631,8207,90880976.0,0.17,-0.08,-0.088,15.47
589,2021-02-04,110.673,110.663,110.798,110.555,8873,98200109.0,0.22,-0.01,-0.009,16.72
590,2021-02-05,110.651,110.349,110.735,110.23,7025,77642236.0,0.46,-0.28,-0.314,13.24
591,2021-02-08,110.415,110.126,110.532,110.009,6922,76241701.0,0.47,-0.2,-0.223,13.04
592,2021-02-09,110.159,110.208,110.296,110.087,8095,89207863.0,0.19,0.07,0.082,15.25
593,2021-02-10,110.248,110.47,110.549,110.162,5145,56779614.0,0.35,0.24,0.262,9.7
594,2021-02-18,110.4,110.373,110.482,110.281,5513,60845789.0,0.18,-0.09,-0.097,10.39
595,2021-02-19,110.34,110.464,110.672,110.34,6836,75561324.0,0.3,0.08,0.091,12.88
596,2021-02-22,110.43,110.36,110.443,110.065,8765,96639366.0,0.34,-0.09,-0.104,16.52
597,2021-02-23,110.267,110.53,110.588,110.26,7080,78158294.0,0.3,0.15,0.17,13.34
598,2021-02-24,110.572,110.57,110.71,110.497,6223,68851588.0,0.19,0.04,0.04,11.73
599,2021-02-25,110.57,110.546,110.589,110.354,7988,88228416.0,0.21,-0.02,-0.024,15.05
600,2021-02-26,110.6,110.445,110.64,110.281,8556,94473573.0,0.32,-0.09,-0.101,16.12
601,2021-03-01,110.427,110.28,110.445,110.222,9026,99536385.0,0.2,-0.15,-0.165,17.01
602,2021-03-02,110.235,110.615,110.675,110.129,9651,106526175.0,0.5,0.3,0.335,18.19
603,2021-03-03,110.6,110.475,110.662,110.426,5303,58601848.0,0.21,-0.13,-0.14,9.99
604,2021-03-04,110.491,110.466,110.598,110.4,7366,81390629.0,0.18,-0.01,-0.009,13.88
605,2021-03-05,110.46,110.599,110.67,110.411,8102,89562318.0,0.23,0.12,0.133,15.27
606,2021-03-08,110.551,110.728,110.739,110.51,6833,75572052.0,0.21,0.12,0.129,12.88
607,2021-03-09,110.714,110.761,110.955,110.608,7945,87966654.0,0.31,0.03,0.033,14.97
608,2021-03-10,110.731,110.862,110.95,110.634,5217,57796471.0,0.29,0.09,0.101,9.83
609,2021-03-11,110.815,110.731,110.857,110.581,9423,104311433.0,0.25,-0.12,-0.131,17.76
610,2021-03-12,110.761,110.697,110.799,110.671,7190,79607478.0,0.12,-0.03,-0.034,13.55
611,2021-03-15,110.697,110.621,110.697,110.57,6637,73405090.0,0.11,-0.07,-0.076,12.51
612,2021-03-16,110.621,110.554,110.67,110.532,8945,98922748.0,0.12,-0.06,-0.067,16.86
613,2021-03-17,110.556,110.507,110.648,110.494,9467,104657652.0,0.14,-0.04,-0.047,17.84
614,2021-03-18,110.507,110.33,110.507,110.27,15867,175055931.0,0.21,-0.16,-0.177,29.9
615,2021-03-19,110.33,110.452,110.49,110.28,9450,104378751.0,0.19,0.11,0.122,17.81
616,2021-03-22,110.46,110.544,110.608,110.46,9147,101142125.0,0.13,0.08,0.092,17.24
617,2021-03-23,110.541,110.574,110.6,110.484,10295,113811674.0,0.1,0.03,0.03,19.4
618,2021-03-24,110.6,110.702,110.769,110.6,9488,105013682.0,0.15,0.12,0.128,17.88
619,2021-03-25,110.702,110.747,110.798,110.6,13988,154875938.0,0.18,0.04,0.045,26.36
620,2021-03-26,110.757,110.662,110.793,110.658,18191,201439642.0,0.12,-0.08,-0.085,34.28
621,2021-03-29,110.662,110.642,110.736,110.546,9520,105298435.0,0.17,-0.02,-0.02,17.94
622,2021-03-30,110.628,110.729,110.844,110.628,15598,172717496.0,0.2,0.08,0.087,29.39
623,2021-03-31,110.73,110.934,110.992,110.685,10440,115771222.0,0.28,0.19,0.205,19.67
624,2021-04-01,111.0,110.815,111.0,110.774,8097,89760566.0,0.2,-0.11,-0.119,15.26
625,2021-04-02,110.875,110.821,110.982,110.765,7956,88234288.0,0.2,0.01,0.006,14.99
626,2021-04-06,110.741,110.793,110.865,110.72,11091,122878776.0,0.13,-0.03,-0.028,20.9
627,2021-04-07,110.765,110.828,110.889,110.765,9088,100724643.0,0.11,0.03,0.035,17.13
628,2021-04-08,110.83,110.724,110.875,110.692,7130,79009307.0,0.17,-0.09,-0.104,13.44
629,2021-04-09,110.724,110.798,110.81,110.711,10432,115537719.0,0.09,0.07,0.074,19.66
630,2021-04-12,110.8,111.021,111.03,110.76,7512,83341639.0,0.24,0.2,0.223,14.16
631,2021-04-13,111.01,111.3,111.3,111.01,9963,110844950.0,0.26,0.25,0.279,18.78
632,2021-04-14,111.3,111.37,111.444,111.218,8011,89211228.0,0.2,0.06,0.07,15.1
633,2021-04-15,111.399,111.215,111.493,111.21,9929,110539685.0,0.25,-0.14,-0.155,18.71
634,2021-04-16,111.215,111.573,111.805,111.115,12031,134099282.0,0.62,0.32,0.358,22.67
635,2021-04-19,111.619,111.515,111.749,111.465,10490,117031247.0,0.25,-0.05,-0.058,19.77
636,2021-04-20,111.516,111.599,111.699,111.486,9494,105955232.0,0.19,0.08,0.084,17.89
637,2021-04-21,111.616,111.605,111.616,111.512,9203,102703274.0,0.09,0.01,0.006,17.34
638,2021-04-22,111.616,111.538,111.653,111.46,8270,92243435.0,0.17,-0.06,-0.067,15.58
639,2021-04-23,111.533,111.825,112.0,111.51,15984,178676855.0,0.44,0.26,0.287,30.12
640,2021-04-26,111.81,111.698,111.958,111.51,12399,138521705.0,0.4,-0.11,-0.127,23.37
641,2021-04-27,111.648,111.597,112.0,111.52,14472,161681322.0,0.43,-0.09,-0.101,27.27
642,2021-04-28,111.58,111.304,111.729,111.26,12108,134847631.0,0.42,-0.26,-0.293,22.82
643,2021-04-29,111.253,111.449,111.643,111.253,5890,65609627.0,0.35,0.13,0.145,11.1
644,2021-04-30,111.449,111.66,111.749,111.363,6211,69221838.0,0.35,0.19,0.211,11.7
645,2021-05-06,111.673,111.638,111.825,111.619,8280,92537631.0,0.18,-0.02,-0.022,15.6
646,2021-05-07,111.639,111.616,111.802,111.533,8630,96345300.0,0.24,-0.02,-0.022,16.26
647,2021-05-10,111.575,111.618,111.698,111.57,9700,108263059.0,0.11,0.0,0.002,18.28
648,2021-05-11,111.668,111.842,111.9,111.57,15707,175514137.0,0.3,0.2,0.224,29.6
649,2021-05-12,111.84,111.822,112.0,111.801,11945,133601685.0,0.18,-0.02,-0.02,22.51
650,2021-05-13,111.82,111.746,111.82,111.632,12190,136142027.0,0.17,-0.07,-0.076,22.97
651,2021-05-14,111.72,111.801,111.896,111.696,9971,111502553.0,0.18,0.05,0.055,18.79
652,2021-05-17,111.751,111.772,111.962,111.627,10668,119266289.0,0.3,-0.03,-0.029,20.1
653,2021-05-18,111.772,111.722,111.848,111.653,8749,97761761.0,0.17,-0.04,-0.05,16.49
654,2021-05-19,111.722,111.968,111.999,111.722,8416,94160758.0,0.25,0.22,0.246,15.86
655,2021-05-20,112.018,112.181,112.2,111.982,29087,326269808.0,0.19,0.19,0.213,54.81
656,2021-05-21,112.231,112.5,112.598,112.18,10761,121032628.0,0.37,0.28,0.319,20.28
657,2021-05-24,112.51,112.6,112.7,112.51,8408,94674376.0,0.17,0.09,0.1,15.84
658,2021-05-25,112.6,112.541,112.62,112.434,8675,97577429.0,0.17,-0.05,-0.059,16.35
659,2021-05-26,112.53,112.715,112.775,112.412,10650,119902925.0,0.32,0.15,0.174,20.07
660,2021-05-27,112.697,112.471,112.759,112.455,9906,111537068.0,0.27,-0.22,-0.244,18.67
661,2021-05-28,112.48,112.479,112.529,112.352,8854,99554257.0,0.16,0.01,0.008,16.69
662,2021-05-31,112.471,112.392,112.499,112.1,13546,152138628.0,0.35,-0.08,-0.087,25.53
663,2021-06-01,112.402,112.5,112.598,112.402,9118,102596851.0,0.17,0.1,0.108,17.18
664,2021-06-02,112.513,112.658,112.7,112.51,9177,103376514.0,0.17,0.14,0.158,17.29
665,2021-06-03,112.608,112.745,112.777,112.5,8006,90182112.0,0.25,0.08,0.087,15.09
666,2021-06-04,112.742,112.552,112.742,112.43,19247,216721384.0,0.28,-0.17,-0.193,36.27
667,2021-06-07,112.5,112.374,112.58,112.36,9540,107242089.0,0.2,-0.16,-0.178,17.98
668,2021-06-08,112.395,112.366,112.478,112.355,6376,71657551.0,0.11,-0.01,-0.008,12.02
669,2021-06-09,112.5,112.378,112.5,112.26,9998,112361299.0,0.21,0.01,0.012,18.84
670,2021-06-10,112.378,112.382,112.558,112.372,12542,141009924.0,0.17,0.0,0.004,23.64
671,2021-06-11,112.41,112.275,112.423,112.245,11537,129559025.0,0.16,-0.1,-0.107,21.74
672,2021-06-15,112.3,112.087,112.3,111.96,11305,126753626.0,0.3,-0.17,-0.188,21.3
673,2021-06-16,112.051,112.217,112.296,111.965,9018,101123781.0,0.3,0.12,0.13,16.99
674,2021-06-17,112.171,112.058,112.25,112.031,9739,109208298.0,0.2,-0.14,-0.159,18.35
675,2021-06-18,112.011,112.232,112.325,112.01,9463,106192123.0,0.28,0.16,0.174,17.83
676,2021-06-21,112.249,112.358,112.4,112.234,8615,96764668.0,0.15,0.11,0.126,16.23
677,2021-06-22,112.398,112.299,112.443,112.225,8993,101053064.0,0.19,-0.05,-0.059,16.95
678,2021-06-23,112.301,112.273,112.38,112.231,7809,87669834.0,0.13,-0.02,-0.026,14.72
679,2021-06-24,112.228,112.328,112.527,112.228,8621,96856204.0,0.27,0.05,0.055,16.25
680,2021-06-25,112.374,112.443,112.549,112.3,13011,146261097.0,0.22,0.1,0.115,24.52
681,2021-06-28,112.407,112.402,112.57,112.363,8490,95457380.0,0.18,-0.04,-0.041,16.0
682,2021-06-29,112.374,112.547,112.599,112.278,11523,129602836.0,0.29,0.13,0.145,21.71
683,2021-06-30,112.597,112.72,112.777,112.505,9953,112102654.0,0.24,0.15,0.173,18.76
684,2021-07-01,112.705,112.811,112.945,112.674,14983,169043741.0,0.24,0.08,0.091,28.24
685,2021-07-02,112.83,112.866,112.97,112.773,10938,123461562.0,0.17,0.05,0.055,20.61
686,2021-07-05,112.825,112.861,113.06,112.747,9695,109354199.0,0.28,0.0,-0.005,18.27
687,2021-07-06,112.82,112.9,112.988,112.754,12984,146617205.0,0.21,0.03,0.039,24.47
688,2021-07-07,112.9,113.03,113.1,112.9,11462,129462196.0,0.18,0.12,0.13,21.6
689,2021-07-08,113.08,113.4,113.444,113.08,10838,122735981.0,0.32,0.33,0.37,20.42
690,2021-07-09,113.449,113.606,113.739,113.449,16388,186134855.0,0.26,0.18,0.206,30.88
691,2021-07-12,113.6,113.64,113.717,113.56,5742,65251833.0,0.14,0.03,0.034,10.82
692,2021-07-13,113.69,114.132,114.16,113.628,12477,141913882.0,0.47,0.43,0.492,23.51
693,2021-07-14,114.092,114.33,114.44,114.0,10900,124451230.0,0.39,0.17,0.198,20.54
694,2021-07-15,114.38,113.886,114.38,113.875,16441,187434809.0,0.44,-0.39,-0.444,30.98
695,2021-07-16,113.85,113.94,114.06,113.775,12010,136831928.0,0.25,0.05,0.054,22.63
696,2021-07-19,113.94,113.895,113.99,113.822,10508,119654501.0,0.15,-0.04,-0.045,19.8
697,2021-07-20,113.89,114.101,114.2,113.85,9575,109137299.0,0.31,0.18,0.206,18.04
698,2021-07-21,114.151,114.18,114.2,114.051,8828,100769332.0,0.13,0.07,0.079,16.64
699,2021-07-22,114.18,114.15,114.285,114.081,11453,130774792.0,0.18,-0.03,-0.03,21.58
700,2021-07-23,114.1,114.203,114.266,114.1,10024,114478170.0,0.15,0.05,0.053,18.89
701,2021-07-26,114.203,114.361,114.452,114.17,12636,144494063.0,0.25,0.14,0.158,23.81
702,2021-07-27,114.312,114.417,114.519,114.265,11506,131643969.0,0.22,0.05,0.056,21.68
703,2021-07-28,114.368,114.461,114.59,114.15,10729,122753971.0,0.38,0.04,0.044,20.22
704,2021-07-29,114.411,114.364,114.411,114.295,12822,146656536.0,0.1,-0.08,-0.097,24.16
705,2021-07-30,114.364,114.564,114.63,114.364,9344,107060319.0,0.23,0.17,0.2,17.61
706,2021-08-02,114.631,114.851,115.265,114.631,12001,137923183.0,0.55,0.25,0.287,22.62
707,2021-08-03,114.801,115.115,115.2,114.801,8629,99189375.0,0.35,0.23,0.264,16.26
708,2021-08-04,115.065,114.942,115.24,114.903,8770,100851021.0,0.29,-0.15,-0.173,16.53
709,2021-08-05,114.938,114.997,115.1,114.938,12519,143977098.0,0.14,0.05,0.055,23.59
710,2021-08-06,114.972,115.013,115.047,114.951,7524,86535412.0,0.08,0.01,0.016,14.18
711,2021-08-09,115.013,114.664,115.013,114.616,10740,123197874.0,0.35,-0.3,-0.349,20.24
712,2021-08-10,114.615,114.55,114.615,114.45,9269,106150023.0,0.14,-0.1,-0.114,17.47
713,2021-08-11,114.5,114.217,114.5,114.15,10082,115211922.0,0.31,-0.29,-0.333,19.0
714,2021-08-12,114.17,114.389,114.441,114.17,13562,155136890.0,0.24,0.15,0.172,25.56
715,2021-08-13,114.288,114.485,114.499,114.288,8153,93314915.0,0.18,0.08,0.096,15.36
716,2021-08-16,114.497,114.479,114.551,114.435,9789,112061926.0,0.1,-0.01,-0.006,18.45
717,2021-08-17,114.479,114.53,114.566,114.43,9060,103765502.0,0.12,0.04,0.051,17.07
718,2021-08-18,114.54,114.784,114.832,114.437,9322,106853416.0,0.34,0.22,0.254,17.57
719,2021-08-19,114.79,114.833,114.87,114.779,8696,99844553.0,0.08,0.04,0.049,16.39
720,2021-08-20,114.834,114.805,114.878,114.783,9355,107414240.0,0.08,-0.02,-0.028,17.63
721,2021-08-23,114.755,114.756,114.848,114.691,6660,76424110.0,0.14,-0.04,-0.049,12.55
722,2021-08-24,114.707,114.882,114.95,114.702,6567,75337508.0,0.22,0.11,0.126,12.38
723,2021-08-25,114.85,114.895,115.16,114.809,7846,90201301.0,0.31,0.01,0.013,14.79
724,2021-08-26,114.89,114.504,114.89,114.4,8956,102607592.0,0.43,-0.34,-0.391,16.88
725,2021-08-27,114.643,114.606,114.692,114.469,9114,104493902.0,0.19,0.09,0.102,17.18
726,2021-08-30,114.557,114.63,114.655,114.556,6530,74852137.0,0.09,0.02,0.024,12.31
727,2021-08-31,114.64,114.718,114.739,114.585,8302,95191558.0,0.13,0.08,0.088,15.64
728,2021-09-01,114.672,115.004,115.049,114.672,10266,118070161.0,0.33,0.25,0.286,19.35
729,2021-09-02,115.008,114.95,115.008,114.852,8180,94021365.0,0.14,-0.05,-0.054,15.42
730,2021-09-03,114.95,115.0,115.04,114.87,7797,89670771.0,0.15,0.04,0.05,14.69
731,2021-09-06,115.0,114.962,115.108,114.852,8292,95392195.0,0.22,-0.03,-0.038,15.63
732,2021-09-07,114.921,114.9,114.989,114.9,8360,96087697.0,0.08,-0.05,-0.062,15.75
733,2021-09-08,114.9,114.79,114.9,114.756,8435,96853094.0,0.13,-0.1,-0.11,15.9
734,2021-09-09,114.749,114.747,114.832,114.707,5555,63753331.0,0.11,-0.04,-0.043,10.47
735,2021-09-10,114.697,114.743,114.8,114.696,8966,102903597.0,0.09,0.0,-0.004,16.9
736,2021-09-13,114.74,114.592,114.793,114.562,8659,99326659.0,0.2,-0.13,-0.151,16.32
737,2021-09-14,114.551,114.477,114.587,114.474,10922,125045922.0,0.1,-0.1,-0.115,20.58
738,2021-09-15,114.476,114.352,114.61,114.302,9011,103238499.0,0.27,-0.11,-0.125,16.98
739,2021-09-16,114.362,114.486,114.505,114.22,9649,110265082.0,0.25,0.12,0.134,18.18
740,2021-09-17,114.415,114.639,114.75,114.415,7807,89514803.0,0.29,0.13,0.153,14.71
741,2021-09-22,114.631,114.736,114.745,114.589,5097,58460364.0,0.14,0.08,0.097,9.61
742,2021-09-23,114.736,114.738,114.796,114.703,6644,76231284.0,0.08,0.0,0.002,12.52
743,2021-09-24,114.748,114.713,114.785,114.708,5459,62637268.0,0.07,-0.02,-0.025,10.29
744,2021-09-27,114.709,114.781,114.845,114.663,8577,98456995.0,0.16,0.06,0.068,16.16
745,2021-09-28,114.731,114.714,114.816,114.68,5242,60163594.0,0.12,-0.06,-0.067,9.88
746,2021-09-29,114.714,114.928,114.999,114.664,5160,59203237.0,0.29,0.19,0.214,9.72
747,2021-09-30,114.766,114.93,115.0,114.766,9199,105739573.0,0.2,0.0,0.002,17.34
748,2021-10-08,114.923,114.702,114.923,114.7,5666,65022344.0,0.19,-0.2,-0.228,10.68
749,2021-10-11,114.699,114.62,114.752,114.619,9929,113849579.0,0.12,-0.07,-0.082,18.71
750,2021-10-12,114.66,114.395,114.66,114.285,8228,94212746.0,0.33,-0.2,-0.225,15.51
751,2021-10-13,114.37,114.37,114.55,114.37,9089,103984314.0,0.16,-0.02,-0.025,17.13
752,2021-10-14,114.347,114.432,114.588,114.345,10264,117514907.0,0.21,0.05,0.062,19.34
753,2021-10-15,114.468,114.417,114.468,114.355,9213,105389932.0,0.1,-0.01,-0.015,17.36
754,2021-10-18,114.417,114.009,114.417,114.0,8845,100883301.0,0.36,-0.36,-0.408,16.67
755,2021-10-19,114.059,113.941,114.059,113.8,10519,119833870.0,0.23,-0.06,-0.068,19.82
756,2021-10-20,113.991,114.044,114.1,113.905,9997,114002369.0,0.17,0.09,0.103,18.84
757,2021-10-21,113.995,114.173,114.249,113.995,9151,104489294.0,0.22,0.11,0.129,17.24
758,2021-10-22,114.1,114.223,114.35,114.1,6735,76956649.0,0.22,0.04,0.05,12.69
759,2021-10-25,114.15,114.211,114.32,114.105,5709,65227206.0,0.19,-0.01,-0.012,10.76
760,2021-10-26,114.211,114.316,114.318,114.211,9559,109258254.0,0.09,0.09,0.105,18.01
761,2021-10-27,114.262,114.371,114.43,114.262,6835,78178003.0,0.15,0.05,0.055,12.88
762,2021-10-28,114.321,114.393,114.417,114.321,15757,180259132.0,0.08,0.02,0.022,29.69
763,2021-10-29,114.4,114.523,114.569,114.4,7554,86513367.0,0.15,0.11,0.13,14.24
764,2021-11-01,114.529,114.672,114.685,114.529,8380,96060742.0,0.14,0.13,0.149,15.79
765,2021-11-02,114.67,114.914,114.94,114.623,11776,135157936.0,0.28,0.21,0.242,22.19
766,2021-11-03,114.915,115.105,115.26,114.865,9621,110734442.0,0.34,0.17,0.191,18.13
767,2021-11-04,115.105,115.035,115.105,114.9,6574,75615887.0,0.18,-0.06,-0.07,12.39
768,2021-11-05,115.04,115.109,115.25,115.04,7631,87853093.0,0.18,0.06,0.074,14.38
769,2021-11-08,115.116,115.191,115.22,115.07,7263,83661265.0,0.13,0.07,0.082,13.69
770,2021-11-09,115.15,115.114,115.153,114.973,6454,74306819.0,0.16,-0.07,-0.077,12.16
771,2021-11-10,115.115,114.997,115.242,114.925,8220,94699102.0,0.28,-0.1,-0.117,15.49
772,2021-11-11,114.99,114.794,115.088,114.579,9502,109222031.0,0.44,-0.18,-0.203,17.91
773,2021-11-12,114.794,114.869,114.897,114.745,10223,117407120.0,0.13,0.07,0.075,19.27
774,2021-11-15,114.844,115.053,115.185,114.748,5439,62613756.0,0.38,0.16,0.184,10.25
775,2021-11-16,114.95,115.191,115.233,114.95,5897,67939757.0,0.25,0.12,0.138,11.11
776,2021-11-17,115.191,115.066,115.208,115.001,7134,82143087.0,0.18,-0.11,-0.125,13.44
777,2021-11-18,115.141,115.29,115.395,115.141,8379,96587685.0,0.22,0.19,0.224,15.79
778,2021-11-19,115.257,115.144,115.435,115.108,8113,93613325.0,0.28,-0.13,-0.146,15.29
779,2021-11-22,115.144,115.217,115.298,115.14,7288,83977765.0,0.14,0.06,0.073,13.73
780,2021-11-23,115.249,115.224,115.249,115.047,6940,79945494.0,0.18,0.01,0.007,13.08
781,2021-11-24,115.219,115.253,115.395,115.219,7358,84830506.0,0.15,0.03,0.029,13.87
782,2021-11-25,115.258,115.33,115.336,115.258,6974,80429078.0,0.07,0.07,0.077,13.14
783,2021-11-26,115.335,115.609,115.632,115.335,8368,96722385.0,0.26,0.24,0.279,15.77
784,2021-11-29,115.605,115.553,115.605,115.535,7130,82387892.0,0.06,-0.05,-0.056,13.44
785,2021-11-30,115.553,115.418,115.553,115.327,9168,105805937.0,0.2,-0.12,-0.135,17.28
786,2021-12-01,115.42,115.32,115.421,115.311,6948,80176372.0,0.1,-0.08,-0.098,13.09
787,2021-12-02,115.32,115.44,115.48,115.312,6940,80061563.0,0.15,0.1,0.12,13.08
788,2021-12-03,115.405,115.394,115.49,115.35,7925,91443793.0,0.12,-0.04,-0.046,14.93
789,2021-12-06,115.41,115.545,115.661,115.41,10148,117347509.0,0.22,0.13,0.151,19.12
790,2021-12-07,115.56,115.432,115.611,115.431,9160,105859336.0,0.16,-0.1,-0.113,17.26
791,2021-12-08,115.405,115.457,115.482,115.405,9236,106641926.0,0.07,0.02,0.025,17.41
792,2021-12-09,115.45,115.316,115.45,115.3,8630,99545934.0,0.13,-0.12,-0.141,16.26
793,2021-12-10,115.305,115.486,115.5,115.305,9267,106974669.0,0.17,0.15,0.17,17.46
794,2021-12-13,115.495,115.32,115.536,115.309,8539,98493189.0,0.2,-0.14,-0.166,16.09
795,2021-12-14,115.32,115.619,115.734,115.32,11046,127661368.0,0.36,0.26,0.299,20.82
796,2021-12-15,115.619,115.547,115.619,115.374,11372,131328563.0,0.21,-0.06,-0.072,21.43
797,2021-12-16,115.545,115.482,115.597,115.417,10394,120039957.0,0.16,-0.06,-0.065,19.59
798,2021-12-17,115.485,115.6,115.715,115.377,10762,124396356.0,0.29,0.1,0.118,20.28
799,2021-12-20,115.606,115.555,115.65,115.553,7571,87520049.0,0.08,-0.04,-0.045,14.27
800,2021-12-21,115.55,115.554,115.564,115.505,7723,89242442.0,0.05,0.0,-0.001,14.55
801,2021-12-22,115.55,115.67,115.752,115.512,10140,117248826.0,0.21,0.1,0.116,19.11
802,2021-12-23,115.67,115.889,115.894,115.67,13900,160921102.0,0.19,0.19,0.219,26.19
803,2021-12-24,115.855,115.889,115.893,115.831,5938,68802267.0,0.05,0.0,0.0,11.19
804,2021-12-27,115.901,116.071,116.15,115.89,13240,153645820.0,0.22,0.16,0.182,24.95
805,2021-12-28,116.076,116.031,116.18,115.982,11924,138341279.0,0.17,-0.03,-0.04,22.47
806,2021-12-29,116.026,116.015,116.079,115.641,10563,122572902.0,0.38,-0.01,-0.016,19.91
807,2021-12-30,116.015,116.227,116.265,116.01,9656,112200097.0,0.22,0.18,0.212,18.2
808,2021-12-31,116.22,116.195,116.29,116.177,8297,96471256.0,0.1,-0.03,-0.032,15.64
809,2022-01-04,116.2,116.355,116.4,116.14,10059,117037916.0,0.22,0.14,0.16,18.96
810,2022-01-05,116.355,116.32,116.358,116.31,8062,93793479.0,0.04,-0.03,-0.035,15.19
811,2022-01-06,116.32,116.181,116.32,116.17,7169,83334477.0,0.13,-0.12,-0.139,13.51
812,2022-01-07,116.18,116.203,116.531,116.131,13123,152578787.0,0.34,0.02,0.022,24.73
813,2022-01-10,116.206,116.319,116.368,116.206,11243,130766430.0,0.14,0.1,0.116,21.19
814,2022-01-11,116.324,116.298,116.429,116.285,8544,99384244.0,0.12,-0.02,-0.021,16.1
815,2022-01-12,116.295,116.251,116.353,116.242,8678,100892209.0,0.1,-0.04,-0.047,16.35
816,2022-01-13,116.253,116.381,116.393,116.253,9000,104675448.0,0.12,0.11,0.13,16.96
817,2022-01-14,116.391,116.534,116.579,116.391,5859,68274898.0,0.16,0.13,0.153,11.04
818,2022-01-17,116.431,116.561,116.73,116.43,8048,93834023.0,0.26,0.02,0.027,15.17
819,2022-01-18,116.565,116.838,116.867,116.565,12570,146816386.0,0.26,0.24,0.277,23.69
820,2022-01-19,116.915,117.145,118.006,116.915,10894,127695736.0,0.93,0.26,0.307,20.53
821,2022-01-20,116.75,117.013,117.09,116.75,9760,114200209.0,0.29,-0.11,-0.132,18.39
822,2022-01-21,117.063,117.306,117.35,117.05,11722,137474774.0,0.26,0.25,0.293,22.09
823,2022-01-24,117.313,117.612,117.653,117.313,9028,106176988.0,0.29,0.26,0.306,17.01
824,2022-01-25,117.4,117.59,117.7,117.4,11723,137850898.0,0.26,-0.02,-0.022,22.09
825,2022-01-26,117.542,117.071,117.566,117.021,14806,173685706.0,0.46,-0.44,-0.519,27.9
826,2022-01-27,117.122,116.994,117.286,116.891,9955,116465600.0,0.34,-0.07,-0.077,18.76
827,2022-01-28,117.002,117.039,117.314,117.002,9387,109966714.0,0.27,0.04,0.045,17.69
828,2022-02-07,117.091,117.037,117.091,116.84,11400,133296182.0,0.21,0.0,-0.002,21.48
829,2022-02-08,117.043,117.167,117.356,117.041,10521,123321525.0,0.27,0.11,0.13,19.83
830,2022-02-09,117.162,117.173,117.287,117.063,10391,121745113.0,0.19,0.01,0.006,19.58
831,2022-02-10,117.173,117.197,117.356,117.114,7501,87957389.0,0.21,0.02,0.024,14.14
832,2022-02-11,117.195,116.761,117.195,116.747,13241,154700362.0,0.38,-0.37,-0.436,24.95
833,2022-02-14,116.765,116.535,116.9,116.505,14994,174833352.0,0.34,-0.19,-0.226,28.26
834,2022-02-15,116.496,116.625,116.7,116.449,11418,133127652.0,0.22,0.08,0.09,21.52
835,2022-02-16,116.605,116.672,116.747,116.591,8841,103167724.0,0.13,0.04,0.047,16.66
836,2022-02-17,116.699,116.751,116.847,116.699,9513,111083350.0,0.13,0.07,0.079,17.93
837,2022-02-18,116.774,116.736,116.88,116.713,10414,121577797.0,0.14,-0.01,-0.015,19.62
838,2022-02-21,116.736,116.52,116.741,116.519,7832,91373694.0,0.19,-0.19,-0.216,14.76
839,2022-02-22,116.405,116.324,116.452,116.322,9011,104848003.0,0.11,-0.17,-0.196,16.98
840,2022-02-23,116.333,116.524,116.528,116.331,10566,123065464.0,0.17,0.17,0.2,19.91
841,2022-02-24,116.551,116.615,116.75,116.501,12828,149566798.0,0.21,0.08,0.091,24.17
842,2022-02-25,116.568,116.687,116.687,116.565,8409,98072956.0,0.1,0.06,0.072,15.85
843,2022-02-28,116.643,116.794,116.84,116.643,9306,108671173.0,0.17,0.09,0.107,17.54
844,2022-03-01,116.792,116.522,116.792,116.501,5489,64008078.0,0.25,-0.23,-0.272,10.34
845,2022-03-02,116.522,116.499,116.572,116.403,12363,143949262.0,0.15,-0.02,-0.023,23.3
846,2022-03-03,116.484,116.267,116.533,116.216,9914,115480878.0,0.27,-0.2,-0.232,18.68
847,2022-03-04,116.271,116.221,116.346,116.055,13510,157029300.0,0.25,-0.04,-0.046,25.46
848,2022-03-07,116.217,116.384,116.411,116.13,11776,136914814.0,0.24,0.14,0.163,22.19
849,2022-03-08,116.429,116.495,116.546,116.283,10343,120486629.0,0.23,0.1,0.111,19.49
850,2022-03-09,116.544,116.125,116.544,116.066,10841,126035698.0,0.41,-0.32,-0.37,20.43
851,2022-03-10,116.111,116.345,116.353,116.11,15642,181961231.0,0.21,0.19,0.22,29.48
852,2022-03-11,116.23,116.618,116.631,116.23,10752,125155967.0,0.34,0.23,0.273,20.26
853,2022-03-14,116.731,117.188,117.229,116.731,10761,126114459.0,0.43,0.49,0.57,20.28
854,2022-03-15,117.138,116.849,117.238,116.801,10196,119188462.0,0.37,-0.29,-0.339,19.21
855,2022-03-16,117.138,116.732,117.208,116.55,8953,104511855.0,0.56,-0.1,-0.117,16.87
856,2022-03-17,116.724,116.65,116.733,116.605,8742,101979511.0,0.11,-0.07,-0.082,16.47
857,2022-03-18,116.65,116.828,116.832,116.65,8590,100328869.0,0.16,0.15,0.178,16.19
858,2022-03-21,116.815,116.685,116.815,116.401,8932,104222884.0,0.35,-0.12,-0.143,16.83
859,2022-03-22,116.681,116.627,116.681,116.618,7683,89610880.0,0.05,-0.05,-0.058,14.48
860,2022-03-23,116.62,116.667,116.675,116.508,10052,117259152.0,0.14,0.03,0.04,18.94
861,2022-03-24,116.669,116.696,116.713,116.617,9319,108741968.0,0.08,0.02,0.029,17.56
862,2022-03-25,116.695,116.886,116.9,116.675,7263,84837932.0,0.19,0.16,0.19,13.69
863,2022-03-28,116.904,116.918,117.01,116.884,10273,120116299.0,0.11,0.03,0.032,19.36
864,2022-03-29,116.95,116.96,116.991,116.925,8195,95868407.0,0.06,0.04,0.042,15.44
865,2022-03-30,116.965,117.037,117.069,116.965,9555,111813992.0,0.09,0.07,0.077,18.01
866,2022-03-31,117.044,116.882,117.087,116.842,10191,119303197.0,0.21,-0.13,-0.155,19.2
867,2022-04-01,116.832,117.067,117.068,116.792,6859,80271712.0,0.24,0.16,0.185,12.93
868,2022-04-06,117.065,117.174,117.255,116.972,10301,120718649.0,0.24,0.09,0.107,19.41
869,2022-04-07,117.224,117.243,117.29,117.17,8958,104994295.0,0.1,0.06,0.069,16.88
870,2022-04-08,117.255,117.48,117.52,117.255,9059,106387809.0,0.23,0.2,0.237,17.07
871,2022-04-11,117.53,117.401,117.78,117.395,9506,111650884.0,0.33,-0.07,-0.079,17.91
872,2022-04-12,117.401,117.463,117.571,117.4,8470,99558902.0,0.15,0.05,0.062,15.96
873,2022-04-13,117.463,117.371,117.493,117.319,8176,95967733.0,0.15,-0.08,-0.092,15.41
874,2022-04-14,117.397,117.51,117.56,117.351,8624,101351043.0,0.18,0.12,0.139,16.25
875,2022-04-15,117.56,117.361,117.56,117.352,6348,74545588.0,0.18,-0.13,-0.149,11.96
876,2022-04-18,117.345,117.177,117.35,117.107,5056,59233324.0,0.21,-0.16,-0.184,9.53
877,2022-04-19,117.148,117.078,117.19,117.054,7848,91950466.0,0.12,-0.08,-0.099,14.79
878,2022-04-20,117.068,116.908,117.07,116.884,11550,135056513.0,0.16,-0.15,-0.17,21.77
879,2022-04-21,116.894,117.102,117.112,116.894,10369,121381329.0,0.19,0.17,0.194,19.54
880,2022-04-22,117.1,117.082,117.34,117.053,7419,86992074.0,0.25,-0.02,-0.02,13.98
881,2022-04-25,117.054,117.203,117.399,117.05,9214,108033690.0,0.3,0.1,0.121,17.36
882,2022-04-26,117.19,117.305,117.38,117.189,9291,108992682.0,0.16,0.09,0.102,17.51
883,2022-04-27,117.3,117.225,117.309,117.193,10685,125249239.0,0.1,-0.07,-0.08,20.14
884,2022-04-28,117.275,117.078,117.275,117.05,9663,113182542.0,0.19,-0.13,-0.147,18.21
885,2022-04-29,117.077,117.204,117.3,117.031,15231,178497300.0,0.23,0.11,0.126,28.7
886,2022-05-05,117.204,117.174,117.25,117.095,10301,120735724.0,0.13,-0.03,-0.03,19.41
887,2022-05-06,117.164,117.124,117.222,117.116,12548,147006164.0,0.09,-0.04,-0.05,23.65
888,2022-05-09,117.12,117.251,117.285,117.116,12032,141023816.0,0.14,0.11,0.127,22.67
889,2022-05-10,117.301,117.449,117.45,117.301,14398,168995314.0,0.13,0.17,0.198,27.13
890,2022-05-11,117.45,117.334,117.499,117.311,12632,148244319.0,0.16,-0.1,-0.115,23.8
891,2022-05-12,117.21,117.433,117.447,117.21,12285,144262583.0,0.2,0.08,0.099,23.15
892,2022-05-13,117.484,117.475,117.539,117.429,11619,136463185.0,0.09,0.04,0.042,21.9
893,2022-05-16,117.475,117.41,117.525,117.228,12062,141550065.0,0.25,-0.06,-0.065,22.73
894,2022-05-17,117.456,117.447,117.456,117.401,11491,134936361.0,0.05,0.03,0.037,21.65
895,2022-05-18,117.401,117.49,117.52,117.398,13632,160148188.0,0.1,0.04,0.043,25.69
896,2022-05-19,117.529,117.472,117.59,117.45,9695,113894023.0,0.12,-0.02,-0.018,18.27
897,2022-05-20,117.472,117.486,117.522,117.425,11828,138968520.0,0.08,0.01,0.014,22.29
898,2022-05-23,117.512,117.615,117.628,117.512,11973,140802792.0,0.1,0.11,0.129,22.56
899,2022-05-24,117.665,117.718,117.729,117.594,5986,70448451.0,0.11,0.09,0.103,11.28
900,2022-05-25,117.67,117.855,117.9,117.67,12003,141502429.0,0.2,0.12,0.137,22.62
901,2022-05-26,117.859,118.1,118.195,117.859,15839,187103604.0,0.29,0.21,0.245,29.85
902,2022-05-27,118.05,118.12,118.28,118.05,14485,171038046.0,0.19,0.02,0.02,27.3
903,2022-05-30,118.13,117.976,118.135,117.95,13741,162219987.0,0.16,-0.12,-0.144,25.89
904,2022-05-31,117.954,117.783,117.998,117.75,14159,166792019.0,0.21,-0.16,-0.193,26.68
905,2022-06-01,117.771,117.85,117.869,117.737,18435,217229614.0,0.11,0.06,0.067,34.74
906,2022-06-02,117.85,117.755,117.9,117.725,15170,178779687.0,0.15,-0.08,-0.095,28.59
907,2022-06-06,117.713,117.689,117.79,117.654,19746,232409107.0,0.12,-0.06,-0.066,37.21
908,2022-06-07,117.65,117.696,117.699,117.64,23409,275476976.0,0.05,0.01,0.007,44.11
909,2022-06-08,117.704,117.712,117.779,117.683,22664,266794430.0,0.08,0.01,0.016,42.71
910,2022-06-09,117.716,117.89,117.898,117.712,22765,268159963.0,0.16,0.15,0.178,42.9
911,2022-06-10,117.894,117.851,118.0,117.83,19335,227955291.0,0.14,-0.03,-0.039,36.44
912,2022-06-13,117.848,117.927,118.0,117.652,23322,275028608.0,0.3,0.06,0.076,43.95
913,2022-06-14,117.92,117.756,117.925,117.682,27772,327192752.0,0.21,-0.15,-0.171,52.34
914,2022-06-15,117.724,117.762,117.8,117.652,21867,257545647.0,0.13,0.01,0.006,41.21
915,2022-06-16,117.721,117.69,117.859,117.583,19002,223709799.0,0.23,-0.06,-0.072,35.81
916,2022-06-17,117.684,117.73,117.777,117.605,25246,297265616.0,0.15,0.03,0.04,47.58
917,2022-06-20,117.713,117.669,117.78,117.615,28869,339756304.0,0.14,-0.05,-0.061,54.4
918,2022-06-21,117.63,117.688,117.717,117.621,28077,330356336.0,0.08,0.02,0.019,52.91
919,2022-06-22,117.688,117.76,117.8,117.679,33997,400253120.0,0.1,0.06,0.072,64.07
920,2022-06-23,117.772,117.738,117.8,117.71,32392,381439936.0,0.08,-0.02,-0.022,61.04
921,2022-06-24,117.738,117.714,117.832,117.7,37150,437484752.0,0.11,-0.02,-0.024,70.01
922,2022-06-27,117.664,117.424,117.664,117.392,38460,451877056.0,0.23,-0.25,-0.29,72.48
923,2022-06-28,117.375,117.443,117.464,117.374,38201,448667648.0,0.08,0.02,0.019,71.99
924,2022-06-29,117.433,117.417,117.55,117.393,33073,388403808.0,0.13,-0.02,-0.026,62.32
925,2022-06-30,117.393,117.565,117.658,117.393,38706,454642496.0,0.23,0.13,0.148,72.94
926,2022-07-01,117.566,117.6,117.65,117.521,36116,424787136.0,0.11,0.03,0.035,68.06
927,2022-07-04,117.645,117.426,117.645,117.36,40171,471860784.0,0.24,-0.15,-0.174,75.7
928,2022-07-05,117.376,117.426,117.476,117.376,39950,469062144.0,0.09,0.0,0.0,75.29
929,2022-07-06,117.435,117.575,117.578,117.435,33303,391324208.0,0.12,0.13,0.149,62.76
930,2022-07-07,117.578,117.699,117.699,117.47,27716,325867840.0,0.19,0.11,0.124,52.23
931,2022-07-08,117.651,117.648,117.69,117.6,30260,356040398.0,0.08,-0.04,-0.051,57.02
932,2022-07-11,117.649,117.772,117.799,117.638,39438,464107659.0,0.14,0.11,0.124,74.32
933,2022-07-12,117.799,117.788,117.808,117.739,30670,361246544.0,0.06,0.01,0.016,57.8
934,2022-07-13,117.788,117.907,117.989,117.788,41658,491052135.0,0.17,0.1,0.119,78.5
935,2022-07-14,117.907,117.917,117.956,117.863,36511,430522968.0,0.08,0.01,0.01,68.8
936,2022-07-15,117.921,118.069,118.103,117.921,31318,369666301.0,0.15,0.13,0.152,59.02
937,2022-07-18,118.069,117.976,118.166,117.872,35291,416709593.0,0.25,-0.08,-0.093,66.51
938,2022-07-19,117.982,117.912,117.982,117.859,33120,390567687.0,0.1,-0.05,-0.064,62.41
939,2022-07-20,117.943,117.959,118.041,117.862,32567,384033099.0,0.15,0.04,0.047,61.37
940,2022-07-21,117.977,118.094,121.5,117.977,31155,367900365.0,2.99,0.11,0.135,58.71
941,2022-07-22,118.101,118.143,118.144,118.06,24311,287115448.0,0.07,0.04,0.049,45.81
942,2022-07-25,118.148,118.186,118.323,118.047,47397,560012620.0,0.23,0.04,0.043,89.32
943,2022-07-26,118.186,118.31,118.34,118.137,33581,397274743.0,0.17,0.1,0.124,63.28
944,2022-07-27,118.31,118.377,118.474,118.269,36188,428497054.0,0.17,0.06,0.067,68.2
945,2022-07-28,118.38,118.36,118.425,118.35,37991,449790944.0,0.06,-0.01,-0.017,71.59
946,2022-07-29,118.377,118.774,118.777,118.32,36939,438047029.0,0.39,0.35,0.414,69.61
947,2022-08-01,118.774,118.9,118.914,118.63,26339,313085686.0,0.24,0.11,0.126,49.64
948,2022-08-02,118.851,119.035,119.17,118.851,36102,429639391.0,0.27,0.11,0.135,68.03
949,2022-08-03,119.035,119.032,119.05,118.79,44626,530831387.0,0.22,0.0,-0.003,84.1
950,2022-08-04,119.001,119.192,119.264,119.001,34348,409254022.0,0.22,0.13,0.16,64.73
951,2022-08-05,119.242,119.12,119.242,119.103,28174,335744363.0,0.12,-0.06,-0.072,53.09
952,2022-08-08,119.071,118.992,119.119,118.8,30910,367959191.0,0.27,-0.11,-0.128,58.25
953,2022-08-09,118.984,118.908,119.042,118.889,27600,328424279.0,0.13,-0.07,-0.084,52.01
954,2022-08-10,118.908,119.104,119.212,118.898,37443,445986670.0,0.26,0.16,0.196,70.56
955,2022-08-11,119.108,118.96,119.14,118.9,40386,480804429.0,0.2,-0.12,-0.144,76.11
956,2022-08-12,118.958,118.873,119.042,118.85,38200,454248249.0,0.16,-0.07,-0.087,71.99
957,2022-08-15,118.923,119.423,119.5,118.923,30333,362077049.0,0.49,0.46,0.55,57.16
958,2022-08-16,119.44,119.612,119.98,119.44,45149,540006337.0,0.45,0.16,0.189,85.08
959,2022-08-17,119.66,119.615,119.66,119.56,36386,435251664.0,0.08,0.0,0.003,68.57
960,2022-08-18,119.65,119.793,119.794,119.578,47539,569240881.0,0.18,0.15,0.178,89.59
961,2022-08-19,119.769,119.976,119.984,119.743,37593,450612324.0,0.2,0.15,0.183,70.84
962,2022-08-22,119.982,119.872,120.059,119.84,34042,408310774.0,0.18,-0.09,-0.104,64.15
963,2022-08-23,119.875,119.88,119.904,119.824,36144,433256373.0,0.07,0.01,0.008,68.11
964,2022-08-24,119.89,119.884,119.923,119.83,33298,399078923.0,0.08,0.0,0.004,62.75
965,2022-08-25,119.837,119.763,119.884,119.73,32246,386458119.0,0.13,-0.1,-0.121,60.77
966,2022-08-26,119.74,119.631,119.8,119.623,28287,338427799.0,0.15,-0.11,-0.132,53.31
967,2022-08-29,119.597,119.725,119.789,119.582,52256,625309505.0,0.17,0.08,0.094,98.48
968,2022-08-30,119.74,119.88,119.96,119.74,36401,436406338.0,0.18,0.13,0.155,68.6
969,2022-08-31,119.921,119.891,119.979,119.833,38283,459046103.0,0.12,0.01,0.011,72.14
970,2022-09-01,119.891,119.984,120.08,119.677,51518,617749461.0,0.34,0.08,0.093,97.08
971,2022-09-02,119.969,120.177,120.22,119.969,37030,444725851.0,0.21,0.16,0.193,69.78
972,2022-09-05,120.034,120.1,120.795,120.034,28007,336542753.0,0.63,-0.06,-0.077,52.78
973,2022-09-06,120.106,120.01,120.2,119.964,38988,468454235.0,0.2,-0.07,-0.09,73.47
974,2022-09-07,120.0,120.001,120.018,119.964,31055,372641252.0,0.04,-0.01,-0.009,58.52
975,2022-09-08,119.968,119.925,120.0,119.9,34584,414812821.0,0.08,-0.06,-0.076,65.17
976,2022-09-09,119.94,119.954,119.996,119.901,18797,225525693.0,0.08,0.02,0.029,35.42
977,2022-09-13,119.911,119.824,119.95,119.717,22755,272735921.0,0.19,-0.11,-0.13,42.88
978,2022-09-14,119.797,119.69,119.797,119.66,36375,435513529.0,0.11,-0.11,-0.134,68.55
979,2022-09-15,119.676,119.701,119.84,119.644,33444,400329978.0,0.16,0.01,0.011,63.02
980,2022-09-16,119.748,119.475,119.749,119.413,31737,379516040.0,0.28,-0.19,-0.226,59.81
981,2022-09-19,119.473,119.577,119.587,119.472,36573,437106501.0,0.1,0.09,0.102,68.92
982,2022-09-20,119.577,119.848,119.85,119.577,29543,353709364.0,0.23,0.23,0.271,55.67
983,2022-09-21,119.85,119.925,119.93,119.82,40415,484341060.0,0.09,0.06,0.077,76.16
984,2022-09-22,119.905,119.91,119.948,119.85,41470,497243119.0,0.08,-0.01,-0.015,78.15
985,2022-09-23,119.91,119.643,119.91,119.6,28036,335824677.0,0.26,-0.22,-0.267,52.83
986,2022-09-26,119.848,119.069,119.848,119.01,44619,532822329.0,0.7,-0.48,-0.574,84.08
987,2022-09-27,119.045,119.096,119.272,118.92,26190,311689987.0,0.3,0.02,0.027,49.35
988,2022-09-28,119.055,119.127,119.212,119.055,36290,432252987.0,0.13,0.03,0.031,68.39
989,2022-09-29,119.177,118.824,119.271,118.358,27989,333046713.0,0.77,-0.25,-0.303,52.74
990,2022-09-30,118.774,118.901,118.979,118.701,32107,381684504.0,0.23,0.06,0.077,60.51
